words,word_counts,word_frequency
之,43,0.008548707753479125
有,33,0.0065606361829025845
製,31,0.006163021868787276
都,29,0.005765407554671968
而,25,0.004970178926441352
水磨,24,0.004771371769383698
為,24,0.004771371769383698
亦,23,0.0045725646123260435
痕,20,0.003976143141153081
是,19,0.0037773359840954273
一,17,0.003379721669980119
於,16,0.0031809145129224653
乾隆,16,0.0031809145129224653
印度,16,0.0031809145129224653
不,16,0.0031809145129224653
與,14,0.002783300198807157
和,13,0.002584493041749503
天竺,13,0.002584493041749503
崑,12,0.002385685884691849
爲,12,0.002385685884691849
也,12,0.002385685884691849
如,12,0.002385685884691849
十全,11,0.002186878727634195
中,11,0.002186878727634195
無,11,0.002186878727634195
以,11,0.002186878727634195
崑崙,10,0.0019880715705765406
玉,10,0.0019880715705765406
闐,10,0.0019880715705765406
趺,10,0.0019880715705765406
楮,10,0.0019880715705765406
四照,10,0.0019880715705765406
呈,10,0.0019880715705765406
復,10,0.0019880715705765406
者,10,0.0019880715705765406
却,10,0.0019880715705765406
花開,10,0.0019880715705765406
若,10,0.0019880715705765406
在,9,0.0017892644135188867
內壁,9,0.0017892644135188867
耳,9,0.0017892644135188867
盂,9,0.0017892644135188867
朶,8,0.0015904572564612327
更,8,0.0015904572564612327
椀,8,0.0015904572564612327
承,8,0.0015904572564612327
此,8,0.0015904572564612327
天方,8,0.0015904572564612327
外壁,8,0.0015904572564612327
詠,8,0.0015904572564612327
詎,8,0.0015904572564612327
可,8,0.0015904572564612327
翻,8,0.0015904572564612327
出,8,0.0015904572564612327
瓣,8,0.0015904572564612327
琢,8,0.0015904572564612327
葉,7,0.0013916500994035786
其,7,0.0013916500994035786
巧,7,0.0013916500994035786
三,7,0.0013916500994035786
寶,7,0.0013916500994035786
寳,7,0.0013916500994035786
式,7,0.0013916500994035786
連城,7,0.0013916500994035786
垂,7,0.0013916500994035786
月,7,0.0013916500994035786
曾,7,0.0013916500994035786
吾,7,0.0013916500994035786
所,7,0.0013916500994035786
又,7,0.0013916500994035786
西,7,0.0013916500994035786
厚,7,0.0013916500994035786
歲,7,0.0013916500994035786
花,7,0.0013916500994035786
萬里,7,0.0013916500994035786
我,6,0.0011928429423459245
老人,6,0.0011928429423459245
貢,6,0.0011928429423459245
嗎,6,0.0011928429423459245
說,6,0.0011928429423459245
精,6,0.0011928429423459245
皆,6,0.0011928429423459245
藉,6,0.0011928429423459245
則,6,0.0011928429423459245
不可,6,0.0011928429423459245
非,6,0.0011928429423459245
豈,6,0.0011928429423459245
薄來,6,0.0011928429423459245
山,6,0.0011928429423459245
鼂,6,0.0011928429423459245
比,6,0.0011928429423459245
至,6,0.0011928429423459245
旣,6,0.0011928429423459245
彼,6,0.0011928429423459245
奇,6,0.0011928429423459245
得,5,0.0009940357852882703
形,5,0.0009940357852882703
矣,5,0.0009940357852882703
仍,5,0.0009940357852882703
頻來,5,0.0009940357852882703
弗,5,0.0009940357852882703
畧,5,0.0009940357852882703
大白,5,0.0009940357852882703
撫,5,0.0009940357852882703
彫,5,0.0009940357852882703
花葉,5,0.0009940357852882703
珍,5,0.0009940357852882703
玉盤,5,0.0009940357852882703
中國,5,0.0009940357852882703
或,5,0.0009940357852882703
曰,5,0.0009940357852882703
稱,5,0.0009940357852882703
及,5,0.0009940357852882703
古,5,0.0009940357852882703
事,5,0.0009940357852882703
宜,5,0.0009940357852882703
乎,5,0.0009940357852882703
喀,5,0.0009940357852882703
即,5,0.0009940357852882703
卻,5,0.0009940357852882703
誰,5,0.0009940357852882703
不留,5,0.0009940357852882703
既,5,0.0009940357852882703
那,5,0.0009940357852882703
鏤,5,0.0009940357852882703
水,4,0.0007952286282306163
琢磨,4,0.0007952286282306163
莖,4,0.0007952286282306163
鐫,4,0.0007952286282306163
如紙,4,0.0007952286282306163
遠,4,0.0007952286282306163
如脂,4,0.0007952286282306163
守,4,0.0007952286282306163
居,4,0.0007952286282306163
荷葉,4,0.0007952286282306163
玉工,4,0.0007952286282306163
瀛,4,0.0007952286282306163
人,4,0.0007952286282306163
獻,4,0.0007952286282306163
天佑,4,0.0007952286282306163
遠域,4,0.0007952286282306163
自,4,0.0007952286282306163
質,4,0.0007952286282306163
璆,4,0.0007952286282306163
北,4,0.0007952286282306163
等,4,0.0007952286282306163
含,4,0.0007952286282306163
向,4,0.0007952286282306163
訥,4,0.0007952286282306163
羊脂,4,0.0007952286282306163
西藏,4,0.0007952286282306163
致,4,0.0007952286282306163
器,4,0.0007952286282306163
一具,4,0.0007952286282306163
製出,4,0.0007952286282306163
厄,4,0.0007952286282306163
卣,4,0.0007952286282306163
聲,4,0.0007952286282306163
能,4,0.0007952286282306163
傳,4,0.0007952286282306163
磬,4,0.0007952286282306163
璧,4,0.0007952286282306163
截肪,4,0.0007952286282306163
近,4,0.0007952286282306163
辛巳,4,0.0007952286282306163
大國,4,0.0007952286282306163
瓊華,4,0.0007952286282306163
由來,4,0.0007952286282306163
薄,4,0.0007952286282306163
腴,4,0.0007952286282306163
磨,4,0.0007952286282306163
盃,4,0.0007952286282306163
盈尺,4,0.0007952286282306163
圓,4,0.0007952286282306163
回部,4,0.0007952286282306163
武功,4,0.0007952286282306163
碗,4,0.0007952286282306163
真,4,0.0007952286282306163
輸誠,4,0.0007952286282306163
慙,4,0.0007952286282306163
序,4,0.0007952286282306163
上,4,0.0007952286282306163
暎,4,0.0007952286282306163
往,4,0.0007952286282306163
雲,4,0.0007952286282306163
御製,4,0.0007952286282306163
中規,4,0.0007952286282306163
柄,4,0.0007952286282306163
難,4,0.0007952286282306163
未,4,0.0007952286282306163
遐,3,0.0005964214711729623
痕都斯坦,3,0.0005964214711729623
所稱,3,0.0005964214711729623
特珂克,3,0.0005964214711729623
隨,3,0.0005964214711729623
露,3,0.0005964214711729623
粲,3,0.0005964214711729623
定,3,0.0005964214711729623
披,3,0.0005964214711729623
他,3,0.0005964214711729623
地,3,0.0005964214711729623
元太祖,3,0.0005964214711729623
脂,3,0.0005964214711729623
簇,3,0.0005964214711729623
延喜,3,0.0005964214711729623
作器,3,0.0005964214711729623
思,3,0.0005964214711729623
今,3,0.0005964214711729623
故,3,0.0005964214711729623
徒,3,0.0005964214711729623
適,3,0.0005964214711729623
賦,3,0.0005964214711729623
的,3,0.0005964214711729623
雙耳,3,0.0005964214711729623
賜,3,0.0005964214711729623
無瑕,3,0.0005964214711729623
誇,3,0.0005964214711729623
脛,3,0.0005964214711729623
印,3,0.0005964214711729623
飲,3,0.0005964214711729623
走,3,0.0005964214711729623
雖,3,0.0005964214711729623
內,3,0.0005964214711729623
瓜皮,3,0.0005964214711729623
瓜瓣,3,0.0005964214711729623
多,3,0.0005964214711729623
右,3,0.0005964214711729623
綴,3,0.0005964214711729623
各,3,0.0005964214711729623
轉而,3,0.0005964214711729623
覩,3,0.0005964214711729623
用,3,0.0005964214711729623
繫,3,0.0005964214711729623
克什米爾,3,0.0005964214711729623
用識,3,0.0005964214711729623
罽,3,0.0005964214711729623
三年,3,0.0005964214711729623
徳,3,0.0005964214711729623
見,3,0.0005964214711729623
乃,3,0.0005964214711729623
羱,3,0.0005964214711729623
琢玉,3,0.0005964214711729623
執,3,0.0005964214711729623
葆,3,0.0005964214711729623
好,3,0.0005964214711729623
去聲,3,0.0005964214711729623
何如,3,0.0005964214711729623
何必,3,0.0005964214711729623
越,3,0.0005964214711729623
誠,3,0.0005964214711729623
從,3,0.0005964214711729623
言,3,0.0005964214711729623
采,3,0.0005964214711729623
良材,3,0.0005964214711729623
闕,3,0.0005964214711729623
層,3,0.0005964214711729623
葉翻,3,0.0005964214711729623
色,3,0.0005964214711729623
貯,3,0.0005964214711729623
文,3,0.0005964214711729623
重,3,0.0005964214711729623
浮,3,0.0005964214711729623
重器,3,0.0005964214711729623
唇,3,0.0005964214711729623
惟,3,0.0005964214711729623
巧匠,3,0.0005964214711729623
蕋,3,0.0005964214711729623
閻浮提,3,0.0005964214711729623
御题,3,0.0005964214711729623
若夫,3,0.0005964214711729623
且,3,0.0005964214711729623
荊,3,0.0005964214711729623
敢,3,0.0005964214711729623
茶,3,0.0005964214711729623
晶瑩,3,0.0005964214711729623
鋬,3,0.0005964214711729623
泐,3,0.0005964214711729623
碧落,3,0.0005964214711729623
工巧,3,0.0005964214711729623
良工,3,0.0005964214711729623
手,3,0.0005964214711729623
兼,3,0.0005964214711729623
雪,3,0.0005964214711729623
分明,3,0.0005964214711729623
樸,3,0.0005964214711729623
初,3,0.0005964214711729623
貴,3,0.0005964214711729623
那須,3,0.0005964214711729623
欲,3,0.0005964214711729623
新,3,0.0005964214711729623
溫都斯坦,3,0.0005964214711729623
貯水,3,0.0005964214711729623
匪,3,0.0005964214711729623
專諸,3,0.0005964214711729623
良匠,3,0.0005964214711729623
于闐,3,0.0005964214711729623
一日,3,0.0005964214711729623
五,3,0.0005964214711729623
包貢,3,0.0005964214711729623
來,3,0.0005964214711729623
内壁,3,0.0005964214711729623
結,2,0.00039761431411530816
素質,2,0.00039761431411530816
星辰表,2,0.00039761431411530816
細葉,2,0.00039761431411530816
星辰,2,0.00039761431411530816
同文異,2,0.00039761431411530816
福區,2,0.00039761431411530816
同,2,0.00039761431411530816
禮佐,2,0.00039761431411530816
精鐫本,2,0.00039761431411530816
稟,2,0.00039761431411530816
秦,2,0.00039761431411530816
喩,2,0.00039761431411530816
善市,2,0.00039761431411530816
吉,2,0.00039761431411530816
笑,2,0.00039761431411530816
時須,2,0.00039761431411530816
精製,2,0.00039761431411530816
御題,2,0.00039761431411530816
周際,2,0.00039761431411530816
攻錯,2,0.00039761431411530816
筍席,2,0.00039761431411530816
周玉府,2,0.00039761431411530816
管城,2,0.00039761431411530816
箴,2,0.00039761431411530816
篤,2,0.00039761431411530816
和闐玉,2,0.00039761431411530816
戲蓮,2,0.00039761431411530816
春風,2,0.00039761431411530816
簴,2,0.00039761431411530816
咸備,2,0.00039761431411530816
哉,2,0.00039761431411530816
空谷白駒,2,0.00039761431411530816
微笑,2,0.00039761431411530816
呼,2,0.00039761431411530816
春,2,0.00039761431411530816
唯時,2,0.00039761431411530816
精玖,2,0.00039761431411530816
所傳,2,0.00039761431411530816
君子,2,0.00039761431411530816
精琢,2,0.00039761431411530816
穀,2,0.00039761431411530816
問何,2,0.00039761431411530816
精瑜,2,0.00039761431411530816
年,2,0.00039761431411530816
拊,2,0.00039761431411530816
經,2,0.00039761431411530816
可贊,2,0.00039761431411530816
斧,2,0.00039761431411530816
斧鑿,2,0.00039761431411530816
加,2,0.00039761431411530816
色真勝,2,0.00039761431411530816
斯,2,0.00039761431411530816
良玉,2,0.00039761431411530816
匊,2,0.00039761431411530816
斯坦,2,0.00039761431411530816
十一月,2,0.00039761431411530816
情,2,0.00039761431411530816
自驚,2,0.00039761431411530816
恰當,2,0.00039761431411530816
自分,2,0.00039761431411530816
千葩,2,0.00039761431411530816
新樣,2,0.00039761431411530816
臨軒,2,0.00039761431411530816
半,2,0.00039761431411530816
南,2,0.00039761431411530816
恭,2,0.00039761431411530816
劉統勳,2,0.00039761431411530816
惟是,2,0.00039761431411530816
承盤,2,0.00039761431411530816
荷柄,2,0.00039761431411530816
敬識,2,0.00039761431411530816
萬國,2,0.00039761431411530816
分瓣,2,0.00039761431411530816
列瓣,2,0.00039761431411530816
菊花,2,0.00039761431411530816
刻,2,0.00039761431411530816
刻異,2,0.00039761431411530816
惹,2,0.00039761431411530816
荒唐,2,0.00039761431411530816
芳蕤,2,0.00039761431411530816
荑,2,0.00039761431411530816
荊國,2,0.00039761431411530816
扶桑,2,0.00039761431411530816
茲,2,0.00039761431411530816
英華,2,0.00039761431411530816
削木,2,0.00039761431411530816
托盤,2,0.00039761431411530816
芴,2,0.00039761431411530816
恒來,2,0.00039761431411530816
背面,2,0.00039761431411530816
南琛,2,0.00039761431411530816
美質,2,0.00039761431411530816
翼,2,0.00039761431411530816
厪,2,0.00039761431411530816
祇,2,0.00039761431411530816
德,2,0.00039761431411530816
明水,2,0.00039761431411530816
羭,2,0.00039761431411530816
叔,2,0.00039761431411530816
易,2,0.00039761431411530816
取象宛,2,0.00039761431411530816
明廷,2,0.00039761431411530816
美,2,0.00039761431411530816
置盞,2,0.00039761431411530816
昔為,2,0.00039761431411530816
繼照,2,0.00039761431411530816
繹,2,0.00039761431411530816
繩承,2,0.00039761431411530816
拏,2,0.00039761431411530816
拒,2,0.00039761431411530816
翼翼,2,0.00039761431411530816
原非,2,0.00039761431411530816
肪,2,0.00039761431411530816
卷,2,0.00039761431411530816
股二鼓,2,0.00039761431411530816
聽,2,0.00039761431411530816
聲教,2,0.00039761431411530816
恂,2,0.00039761431411530816
抑為,2,0.00039761431411530816
思推,2,0.00039761431411530816
聊擬,2,0.00039761431411530816
所謂,2,0.00039761431411530816
旁生,2,0.00039761431411530816
考工,2,0.00039761431411530816
思君奭語,2,0.00039761431411530816
卿,2,0.00039761431411530816
旅同,2,0.00039761431411530816
旅獒,2,0.00039761431411530816
拈處,2,0.00039761431411530816
旨,2,0.00039761431411530816
考樂,2,0.00039761431411530816
早,2,0.00039761431411530816
祖德,2,0.00039761431411530816
盖,2,0.00039761431411530816
示禎,2,0.00039761431411530816
撫是,2,0.00039761431411530816
宜贈,2,0.00039761431411530816
無物,2,0.00039761431411530816
無比,2,0.00039761431411530816
成瓜,2,0.00039761431411530816
焉,2,0.00039761431411530816
實,2,0.00039761431411530816
廣殿,2,0.00039761431411530816
撫形,2,0.00039761431411530816
標名,2,0.00039761431411530816
濛,2,0.00039761431411530816
湯之盤,2,0.00039761431411530816
濕,2,0.00039761431411530816
澤,2,0.00039761431411530816
庚寅,2,0.00039761431411530816
審,2,0.00039761431411530816
寰,2,0.00039761431411530816
漢,2,0.00039761431411530816
漉,2,0.00039761431411530816
漆,2,0.00039761431411530816
溫,2,0.00039761431411530816
無跡,2,0.00039761431411530816
無雙,2,0.00039761431411530816
然,2,0.00039761431411530816
宜人,2,0.00039761431411530816
條理,2,0.00039761431411530816
玉山,2,0.00039761431411530816
子,2,0.00039761431411530816
成百瑜,2,0.00039761431411530816
率產玉,2,0.00039761431411530816
孕瑞產,2,0.00039761431411530816
棘,2,0.00039761431411530816
獲,2,0.00039761431411530816
獨挺,2,0.00039761431411530816
改作,2,0.00039761431411530816
宋史,2,0.00039761431411530816
物,2,0.00039761431411530816
完,2,0.00039761431411530816
爾時,2,0.00039761431411530816
撫來,2,0.00039761431411530816
楕,2,0.00039761431411530816
燦玉瑛,2,0.00039761431411530816
宛看,2,0.00039761431411530816
攢花,2,0.00039761431411530816
將萬卉,2,0.00039761431411530816
成器,2,0.00039761431411530816
磨製,2,0.00039761431411530816
氣吐草,2,0.00039761431411530816
擎來,2,0.00039761431411530816
沽,2,0.00039761431411530816
沈初,2,0.00039761431411530816
工述,2,0.00039761431411530816
左右,2,0.00039761431411530816
應陳琬琰間,2,0.00039761431411530816
左而行,2,0.00039761431411530816
檠,2,0.00039761431411530816
欛,2,0.00039761431411530816
巧琢,2,0.00039761431411530816
專諸未,2,0.00039761431411530816
次,2,0.00039761431411530816
毫芒,2,0.00039761431411530816
已,2,0.00039761431411530816
擒吟,2,0.00039761431411530816
每厚還,2,0.00039761431411530816
每,2,0.00039761431411530816
殊,2,0.00039761431411530816
常,2,0.00039761431411530816
歲貢,2,0.00039761431411530816
法天則,2,0.00039761431411530816
泗濱同,2,0.00039761431411530816
嶠,2,0.00039761431411530816
泯,2,0.00039761431411530816
尊,2,0.00039761431411530816
小國,2,0.00039761431411530816
尤物,2,0.00039761431411530816
清,2,0.00039761431411530816
淳,2,0.00039761431411530816
涇水,2,0.00039761431411530816
浮香真,2,0.00039761431411530816
浮岳,2,0.00039761431411530816
樽俎,2,0.00039761431411530816
山石,2,0.00039761431411530816
山種,2,0.00039761431411530816
橢,2,0.00039761431411530816
山輝,2,0.00039761431411530816
岡,2,0.00039761431411530816
泰西,2,0.00039761431411530816
泰蒙,2,0.00039761431411530816
撫辰,2,0.00039761431411530816
擷佩,2,0.00039761431411530816
懿此,2,0.00039761431411530816
栗,2,0.00039761431411530816
始終,2,0.00039761431411530816
弗翼來,2,0.00039761431411530816
百瓣,2,0.00039761431411530816
圎,2,0.00039761431411530816
益壽,2,0.00039761431411530816
從來,2,0.00039761431411530816
益凜,2,0.00039761431411530816
益,2,0.00039761431411530816
盈,2,0.00039761431411530816
攻,2,0.00039761431411530816
挹注,2,0.00039761431411530816
皆宜,2,0.00039761431411530816
圖經,2,0.00039761431411530816
東周,2,0.00039761431411530816
發華腴,2,0.00039761431411530816
癸卯,2,0.00039761431411530816
月檻,2,0.00039761431411530816
或伐功,2,0.00039761431411530816
疎,2,0.00039761431411530816
異物,2,0.00039761431411530816
垂虹,2,0.00039761431411530816
畫,2,0.00039761431411530816
畨,2,0.00039761431411530816
并,2,0.00039761431411530816
圍,2,0.00039761431411530816
相材,2,0.00039761431411530816
相近,2,0.00039761431411530816
器鉅,2,0.00039761431411530816
囂,2,0.00039761431411530816
四出,2,0.00039761431411530816
曩,2,0.00039761431411530816
碧玉,2,0.00039761431411530816
碧,2,0.00039761431411530816
挐,2,0.00039761431411530816
石,2,0.00039761431411530816
四面,2,0.00039761431411530816
曲擎,2,0.00039761431411530816
知,2,0.00039761431411530816
矗,2,0.00039761431411530816
瞿,2,0.00039761431411530816
真足重,2,0.00039761431411530816
曲柄,2,0.00039761431411530816
看去,2,0.00039761431411530816
看,2,0.00039761431411530816
省工,2,0.00039761431411530816
省力,2,0.00039761431411530816
律,2,0.00039761431411530816
掩,2,0.00039761431411530816
略,2,0.00039761431411530816
大清,2,0.00039761431411530816
慚,2,0.00039761431411530816
李,2,0.00039761431411530816
璞,2,0.00039761431411530816
彌勒,2,0.00039761431411530816
我疆,2,0.00039761431411530816
瑞,2,0.00039761431411530816
東,2,0.00039761431411530816
瑕,2,0.00039761431411530816
琳,2,0.00039761431411530816
琥珀,2,0.00039761431411530816
夾鐘,2,0.00039761431411530816
東北,2,0.00039761431411530816
琢由,2,0.00039761431411530816
琢成,2,0.00039761431411530816
琅玕,2,0.00039761431411530816
好惡,2,0.00039761431411530816
東印度,2,0.00039761431411530816
成筆室,2,0.00039761431411530816
珎,2,0.00039761431411530816
環,2,0.00039761431411530816
環耳,2,0.00039761431411530816
執如,2,0.00039761431411530816
朡,2,0.00039761431411530816
甲午,2,0.00039761431411530816
堪,2,0.00039761431411530816
径,2,0.00039761431411530816
由,2,0.00039761431411530816
甯,2,0.00039761431411530816
用意,2,0.00039761431411530816
用惕民猶水,2,0.00039761431411530816
增椎,2,0.00039761431411530816
產翠瓊,2,0.00039761431411530816
生意,2,0.00039761431411530816
甊,2,0.00039761431411530816
瓿,2,0.00039761431411530816
我繹如,2,0.00039761431411530816
瓢,2,0.00039761431411530816
瓜,2,0.00039761431411530816
意想,2,0.00039761431411530816
朔,2,0.00039761431411530816
瓊英,2,0.00039761431411530816
夥,2,0.00039761431411530816
愧覺,2,0.00039761431411530816
□,2,0.00039761431411530816
論,2,0.00039761431411530816
詩,2,0.00039761431411530816
乃是,2,0.00039761431411530816
誠見,2,0.00039761431411530816
中書擬,2,0.00039761431411530816
語,2,0.00039761431411530816
誐,2,0.00039761431411530816
允此,2,0.00039761431411530816
雙垂,2,0.00039761431411530816
開花,2,0.00039761431411530816
詠歌,2,0.00039761431411530816
雙撐,2,0.00039761431411530816
光,2,0.00039761431411530816
雙環,2,0.00039761431411530816
設擬,2,0.00039761431411530816
設,2,0.00039761431411530816
雅宜,2,0.00039761431411530816
謄章,2,0.00039761431411530816
偶,2,0.00039761431411530816
假道,2,0.00039761431411530816
隴,2,0.00039761431411530816
之一,2,0.00039761431411530816
陳,2,0.00039761431411530816
保泰,2,0.00039761431411530816
保定,2,0.00039761431411530816
阸,2,0.00039761431411530816
便,2,0.00039761431411530816
依度,2,0.00039761431411530816
依,2,0.00039761431411530816
貢原西,2,0.00039761431411530816
侖,2,0.00039761431411530816
貢大庭,2,0.00039761431411530816
貢岐,2,0.00039761431411530816
離明,2,0.00039761431411530816
訖,2,0.00039761431411530816
与,2,0.00039761431411530816
西海,2,0.00039761431411530816
頭踏領,2,0.00039761431411530816
共,2,0.00039761431411530816
六年,2,0.00039761431411530816
須彌山,2,0.00039761431411530816
製爲,2,0.00039761431411530816
不啻,2,0.00039761431411530816
六尺,2,0.00039761431411530816
六出,2,0.00039761431411530816
音協,2,0.00039761431411530816
西南,2,0.00039761431411530816
韭葉,2,0.00039761431411530816
兩蕾致,2,0.00039761431411530816
不寶非求,2,0.00039761431411530816
西洱,2,0.00039761431411530816
韞,2,0.00039761431411530816
雪山,2,0.00039761431411530816
非贈,2,0.00039761431411530816
非珍,2,0.00039761431411530816
不敢,2,0.00039761431411530816
不期,2,0.00039761431411530816
視,2,0.00039761431411530816
觀,2,0.00039761431411530816
非中,2,0.00039761431411530816
青蓮,2,0.00039761431411530816
青,2,0.00039761431411530816
霜雪,2,0.00039761431411530816
解渴,2,0.00039761431411530816
震旦,2,0.00039761431411530816
震仰,2,0.00039761431411530816
不迷,2,0.00039761431411530816
來賓,2,0.00039761431411530816
貽,2,0.00039761431411530816
其地,2,0.00039761431411530816
轃,2,0.00039761431411530816
迦葉底,2,0.00039761431411530816
返,2,0.00039761431411530816
近痕,2,0.00039761431411530816
云,2,0.00039761431411530816
伊犁,2,0.00039761431411530816
伐,2,0.00039761431411530816
輿,2,0.00039761431411530816
佩之應,2,0.00039761431411530816
輪,2,0.00039761431411530816
輕於,2,0.00039761431411530816
二尺,2,0.00039761431411530816
采取,2,0.00039761431411530816
載,2,0.00039761431411530816
二十,2,0.00039761431411530816
邦,2,0.00039761431411530816
追,2,0.00039761431411530816
五言,2,0.00039761431411530816
通貢,2,0.00039761431411530816
以爲,2,0.00039761431411530816
以為,2,0.00039761431411530816
五銖,2,0.00039761431411530816
交界,2,0.00039761431411530816
以命,2,0.00039761431411530816
逮西,2,0.00039761431411530816
人爲,2,0.00039761431411530816
逾,2,0.00039761431411530816
他致,2,0.00039761431411530816
遣使,2,0.00039761431411530816
遞進,2,0.00039761431411530816
達爾,2,0.00039761431411530816
達克,2,0.00039761431411530816
較,2,0.00039761431411530816
金,2,0.00039761431411530816
似,2,0.00039761431411530816
何言,2,0.00039761431411530816
佩,2,0.00039761431411530816
資水,2,0.00039761431411530816
作鐙,2,0.00039761431411530816
賓,2,0.00039761431411530816
賓巧,2,0.00039761431411530816
作,2,0.00039761431411530816
鏤冰,2,0.00039761431411530816
購奩,2,0.00039761431411530816
乙未,2,0.00039761431411530816
佛法,2,0.00039761431411530816
鎪,2,0.00039761431411530816
佛,2,0.00039761431411530816
鎛,2,0.00039761431411530816
鍾,2,0.00039761431411530816
何物,2,0.00039761431411530816
車磲,2,0.00039761431411530816
錯,2,0.00039761431411530816
九成,2,0.00039761431411530816
九日,2,0.00039761431411530816
何來,2,0.00039761431411530816
足論,2,0.00039761431411530816
何,2,0.00039761431411530816
跗,2,0.00039761431411530816
銘日,2,0.00039761431411530816
乾禧,2,0.00039761431411530816
銀鐲,2,0.00039761431411530816
了,2,0.00039761431411530816
蹟,2,0.00039761431411530816
似茲供,2,0.00039761431411530816
金聲玉振,2,0.00039761431411530816
其位,2,0.00039761431411530816
道,2,0.00039761431411530816
葳蕤,2,0.00039761431411530816
出大蒙,2,0.00039761431411530816
虺,2,0.00039761431411530816
鸞,2,0.00039761431411530816
蔥嶺,2,0.00039761431411530816
蛇,2,0.00039761431411530816
准今,2,0.00039761431411530816
蘤,2,0.00039761431411530816
具體,2,0.00039761431411530816
其色,2,0.00039761431411530816
其質則過,2,0.00039761431411530816
飲器,2,0.00039761431411530816
鬖,2,0.00039761431411530816
出痕,2,0.00039761431411530816
蘭陵,2,0.00039761431411530816
蟬翼,2,0.00039761431411530816
點染,2,0.00039761431411530816
兽舞,2,0.00039761431411530816
凜戒,2,0.00039761431411530816
鬼工,2,0.00039761431411530816
類釵環,2,0.00039761431411530816
葉爾羌,2,0.00039761431411530816
鬻,2,0.00039761431411530816
凝素液,2,0.00039761431411530816
蕊,2,0.00039761431411530816
鳴球,2,0.00039761431411530816
七尺,2,0.00039761431411530816
刀,2,0.00039761431411530816
蓋,2,0.00039761431411530816
其官,2,0.00039761431411530816
葵花,2,0.00039761431411530816
冬,2,0.00039761431411530816
三十年,2,0.00039761431411530816
一握,2,0.00039761431411530816
藩,2,0.00039761431411530816
三載,2,0.00039761431411530816
葱嶺,2,0.00039761431411530816
嶺,1,0.00019880715705765408
戰獵,1,0.00019880715705765408
事蹟,1,0.00019880715705765408
崇崑,1,0.00019880715705765408
工異,1,0.00019880715705765408
工精,1,0.00019880715705765408
工細,1,0.00019880715705765408
二,1,0.00019880715705765408
工緻,1,0.00019880715705765408
山澤,1,0.00019880715705765408
二人,1,0.00019880715705765408
工良,1,0.00019880715705765408
截肪薄,1,0.00019880715705765408
崇昆,1,0.00019880715705765408
工言,1,0.00019880715705765408
工豈惜,1,0.00019880715705765408
屬官,1,0.00019880715705765408
一碗,1,0.00019880715705765408
予,1,0.00019880715705765408
峚,1,0.00019880715705765408
截肪置,1,0.00019880715705765408
工仙,1,0.00019880715705765408
予言,1,0.00019880715705765408
截眆,1,0.00019880715705765408
工,1,0.00019880715705765408
乳香,1,0.00019880715705765408
一石,1,0.00019880715705765408
一民而民收,1,0.00019880715705765408
戢師,1,0.00019880715705765408
戢,1,0.00019880715705765408
工成,1,0.00019880715705765408
或遜,1,0.00019880715705765408
乞漿,1,0.00019880715705765408
嵗,1,0.00019880715705765408
予今,1,0.00019880715705765408
工勝,1,0.00019880715705765408
或者,1,0.00019880715705765408
或免,1,0.00019880715705765408
一片,1,0.00019880715705765408
左珥,1,0.00019880715705765408
工鬼,1,0.00019880715705765408
左側,1,0.00019880715705765408
一角,1,0.00019880715705765408
市易,1,0.00019880715705765408
一賦,1,0.00019880715705765408
之遠,1,0.00019880715705765408
布英匀,1,0.00019880715705765408
布露胥,1,0.00019880715705765408
希,1,0.00019880715705765408
希致,1,0.00019880715705765408
之證,1,0.00019880715705765408
之謬,1,0.00019880715705765408
帙,1,0.00019880715705765408
師古,1,0.00019880715705765408
席上珍,1,0.00019880715705765408
帶蒂芳葩,1,0.00019880715705765408
之謂,1,0.00019880715705765408
之誤,1,0.00019880715705765408
常貢,1,0.00019880715705765408
干西極,1,0.00019880715705765408
平生,1,0.00019880715705765408
之語,1,0.00019880715705765408
之西,1,0.00019880715705765408
平聲,1,0.00019880715705765408
之職,1,0.00019880715705765408
成盤,1,0.00019880715705765408
年班伯克入,1,0.00019880715705765408
年間,1,0.00019880715705765408
之盤,1,0.00019880715705765408
成詩,1,0.00019880715705765408
巻,1,0.00019880715705765408
成雙,1,0.00019880715705765408
巧現,1,0.00019880715705765408
九十里,1,0.00019880715705765408
戒莫違,1,0.00019880715705765408
一字一句,1,0.00019880715705765408
戒甘,1,0.00019880715705765408
戒無當,1,0.00019880715705765408
九十,1,0.00019880715705765408
戒恬熙,1,0.00019880715705765408
巧實,1,0.00019880715705765408
戒哉,1,0.00019880715705765408
乘八,1,0.00019880715705765408
巧尚痕,1,0.00019880715705765408
巧持,1,0.00019880715705765408
一花,1,0.00019880715705765408
巷裏,1,0.00019880715705765408
乘,1,0.00019880715705765408
巧識,1,0.00019880715705765408
之際,1,0.00019880715705765408
巨材實,1,0.00019880715705765408
巨材此,1,0.00019880715705765408
我則,1,0.00019880715705765408
之間,1,0.00019880715705765408
已奇,1,0.00019880715705765408
已頻,1,0.00019880715705765408
巷,1,0.00019880715705765408
一規,1,0.00019880715705765408
成雙珏,1,0.00019880715705765408
屬,1,0.00019880715705765408
惟置,1,0.00019880715705765408
二十七年,1,0.00019880715705765408
人且,1,0.00019880715705765408
宥,1,0.00019880715705765408
人情,1,0.00019880715705765408
宵衣旰食,1,0.00019880715705765408
宿分,1,0.00019880715705765408
寄,1,0.00019880715705765408
人工,1,0.00019880715705765408
密無,1,0.00019880715705765408
手乃撫,1,0.00019880715705765408
寓懷,1,0.00019880715705765408
人为,1,0.00019880715705765408
寓義,1,0.00019880715705765408
寔,1,0.00019880715705765408
實不興,1,0.00019880715705765408
五載,1,0.00019880715705765408
實乃,1,0.00019880715705765408
實則,1,0.00019880715705765408
實政,1,0.00019880715705765408
亳麗句,1,0.00019880715705765408
䧿,1,0.00019880715705765408
實更,1,0.00019880715705765408
實有,1,0.00019880715705765408
亳,1,0.00019880715705765408
亡,1,0.00019880715705765408
實覺惕,1,0.00019880715705765408
實近,1,0.00019880715705765408
所造,1,0.00019880715705765408
人格,1,0.00019880715705765408
手跡,1,0.00019880715705765408
室端,1,0.00019880715705765408
宣和,1,0.00019880715705765408
今痕,1,0.00019880715705765408
完好,1,0.00019880715705765408
㒵,1,0.00019880715705765408
今存,1,0.00019880715705765408
宏博,1,0.00019880715705765408
官者,1,0.00019880715705765408
扶柔,1,0.00019880715705765408
今包,1,0.00019880715705765408
定功獻,1,0.00019880715705765408
定睛,1,0.00019880715705765408
今京國通,1,0.00019880715705765408
宛資,1,0.00019880715705765408
仁色,1,0.00019880715705765408
㠊,1,0.00019880715705765408
仁義,1,0.00019880715705765408
才識,1,0.00019880715705765408
人載,1,0.00019880715705765408
宜承曦露,1,0.00019880715705765408
宜春,1,0.00019880715705765408
人言,1,0.00019880715705765408
宜有,1,0.00019880715705765408
宜詠,1,0.00019880715705765408
人良,1,0.00019880715705765408
客蠶,1,0.00019880715705765408
㣲,1,0.00019880715705765408
寧誇高,1,0.00019880715705765408
寬,1,0.00019880715705765408
二十二年,1,0.00019880715705765408
一國分,1,0.00019880715705765408
尋常,1,0.00019880715705765408
對,1,0.00019880715705765408
小,1,0.00019880715705765408
于敏,1,0.00019880715705765408
小爵,1,0.00019880715705765408
尚,1,0.00019880715705765408
所屬,1,0.00019880715705765408
尚未,1,0.00019880715705765408
尚花,1,0.00019880715705765408
尤,1,0.00019880715705765408
于思,1,0.00019880715705765408
就,1,0.00019880715705765408
尹,1,0.00019880715705765408
所載,1,0.00019880715705765408
于度机,1,0.00019880715705765408
尺,1,0.00019880715705765408
尺五,1,0.00019880715705765408
二首,1,0.00019880715705765408
尺滿,1,0.00019880715705765408
尾,1,0.00019880715705765408
幸兮,1,0.00019880715705765408
局,1,0.00019880715705765408
屢獲,1,0.00019880715705765408
一圍,1,0.00019880715705765408
二十四位,1,0.00019880715705765408
層承美,1,0.00019880715705765408
一個,1,0.00019880715705765408
所御器,1,0.00019880715705765408
云云,1,0.00019880715705765408
所思,1,0.00019880715705765408
五言詩,1,0.00019880715705765408
一事,1,0.00019880715705765408
五花,1,0.00019880715705765408
寶刀,1,0.00019880715705765408
寶器,1,0.00019880715705765408
寶撫,1,0.00019880715705765408
寶氣,1,0.00019880715705765408
一件,1,0.00019880715705765408
五百年,1,0.00019880715705765408
所有,1,0.00019880715705765408
五瓣,1,0.00019880715705765408
寶珍售,1,0.00019880715705765408
寶華,1,0.00019880715705765408
五柳居,1,0.00019880715705765408
寸尺,1,0.00019880715705765408
五德,1,0.00019880715705765408
將安用,1,0.00019880715705765408
一例,1,0.00019880715705765408
將獲,1,0.00019880715705765408
五年,1,0.00019880715705765408
專,1,0.00019880715705765408
五寸,1,0.00019880715705765408
五字,1,0.00019880715705765408
專諸人,1,0.00019880715705765408
專諸巷,1,0.00019880715705765408
幸,1,0.00019880715705765408
幽,1,0.00019880715705765408
幸奇,1,0.00019880715705765408
微起,1,0.00019880715705765408
不過,1,0.00019880715705765408
不通,1,0.00019880715705765408
慚愧,1,0.00019880715705765408
慚予,1,0.00019880715705765408
復出,1,0.00019880715705765408
復興,1,0.00019880715705765408
循,1,0.00019880715705765408
三尺,1,0.00019880715705765408
微存銹,1,0.00019880715705765408
微瑕,1,0.00019880715705765408
不貴,1,0.00019880715705765408
不解,1,0.00019880715705765408
不藏,1,0.00019880715705765408
不雕,1,0.00019880715705765408
三舍,1,0.00019880715705765408
不脛者,1,0.00019880715705765408
慎德,1,0.00019880715705765408
徴,1,0.00019880715705765408
徵,1,0.00019880715705765408
上出,1,0.00019880715705765408
不脛偶,1,0.00019880715705765408
不能,1,0.00019880715705765408
徵雅,1,0.00019880715705765408
不称,1,0.00019880715705765408
不知,1,0.00019880715705765408
德恂,1,0.00019880715705765408
慚迭,1,0.00019880715705765408
御筆,1,0.00019880715705765408
心葩,1,0.00019880715705765408
並闢,1,0.00019880715705765408
中外,1,0.00019880715705765408
三千年,1,0.00019880715705765408
應未畫,1,0.00019880715705765408
中土,1,0.00019880715705765408
徑一繩,1,0.00019880715705765408
徑逾尺,1,0.00019880715705765408
應出,1,0.00019880715705765408
中器,1,0.00019880715705765408
徒置,1,0.00019880715705765408
憶雲岑,1,0.00019880715705765408
徒聞浴,1,0.00019880715705765408
徒見,1,0.00019880715705765408
得式,1,0.00019880715705765408
三品,1,0.00019880715705765408
慶洽,1,0.00019880715705765408
並為,1,0.00019880715705765408
並,1,0.00019880715705765408
從未,1,0.00019880715705765408
從遠域,1,0.00019880715705765408
從類,1,0.00019880715705765408
世賢銘代,1,0.00019880715705765408
世澤,1,0.00019880715705765408
從風,1,0.00019880715705765408
徠,1,0.00019880715705765408
御殿,1,0.00019880715705765408
世,1,0.00019880715705765408
德產,1,0.00019880715705765408
忄,1,0.00019880715705765408
幸爾文,1,0.00019880715705765408
下垂,1,0.00019880715705765408
恰似,1,0.00019880715705765408
恰宜盛,1,0.00019880715705765408
意蕊,1,0.00019880715705765408
下,1,0.00019880715705765408
恰恰,1,0.00019880715705765408
不實,1,0.00019880715705765408
下圍,1,0.00019880715705765408
不定,1,0.00019880715705765408
惕,1,0.00019880715705765408
意恆存,1,0.00019880715705765408
不如,1,0.00019880715705765408
愉焉色潤,1,0.00019880715705765408
惜,1,0.00019880715705765408
愛民,1,0.00019880715705765408
惡旨,1,0.00019880715705765408
惟賢,1,0.00019880715705765408
惟貴,1,0.00019880715705765408
不以,1,0.00019880715705765408
惜頻,1,0.00019880715705765408
惟西,1,0.00019880715705765408
惟其,1,0.00019880715705765408
惟嘉底,1,0.00019880715705765408
惟宜,1,0.00019880715705765408
下葉,1,0.00019880715705765408
惟宜八功,1,0.00019880715705765408
惟彼中匠,1,0.00019880715705765408
恰,1,0.00019880715705765408
愧,1,0.00019880715705765408
必,1,0.00019880715705765408
不慎,1,0.00019880715705765408
必以,1,0.00019880715705765408
忘,1,0.00019880715705765408
念,1,0.00019880715705765408
忽分,1,0.00019880715705765408
忽合,1,0.00019880715705765408
不益勵,1,0.00019880715705765408
不當,1,0.00019880715705765408
忽見,1,0.00019880715705765408
慎,1,0.00019880715705765408
不施,1,0.00019880715705765408
不招,1,0.00019880715705765408
慊,1,0.00019880715705765408
不惶寧,1,0.00019880715705765408
恩惠,1,0.00019880715705765408
思義,1,0.00019880715705765408
思難措,1,0.00019880715705765408
怡情,1,0.00019880715705765408
不得要領,1,0.00019880715705765408
愼,1,0.00019880715705765408
恆是,1,0.00019880715705765408
不得,1,0.00019880715705765408
恒存,1,0.00019880715705765408
恢,1,0.00019880715705765408
上天,1,0.00019880715705765408
上葩,1,0.00019880715705765408
恧,1,0.00019880715705765408
徑,1,0.00019880715705765408
徐觀,1,0.00019880715705765408
後,1,0.00019880715705765408
廻,1,0.00019880715705765408
度尺,1,0.00019880715705765408
七枚,1,0.00019880715705765408
庫存,1,0.00019880715705765408
庭,1,0.00019880715705765408
庭堅,1,0.00019880715705765408
廊廟,1,0.00019880715705765408
之南及,1,0.00019880715705765408
延吉,1,0.00019880715705765408
之北,1,0.00019880715705765408
之勤,1,0.00019880715705765408
延津,1,0.00019880715705765408
建初,1,0.00019880715705765408
之力,1,0.00019880715705765408
度,1,0.00019880715705765408
廿八,1,0.00019880715705765408
七言律詩,1,0.00019880715705765408
之久,1,0.00019880715705765408
引恬,1,0.00019880715705765408
引直,1,0.00019880715705765408
成五字,1,0.00019880715705765408
弗事雕,1,0.00019880715705765408
弗勞,1,0.00019880715705765408
久謝,1,0.00019880715705765408
弗奇,1,0.00019880715705765408
成,1,0.00019880715705765408
弗徵弗索,1,0.00019880715705765408
之地,1,0.00019880715705765408
庚辰,1,0.00019880715705765408
應置,1,0.00019880715705765408
幾曾,1,0.00019880715705765408
一輪,1,0.00019880715705765408
幸處,1,0.00019880715705765408
幸賴,1,0.00019880715705765408
之盈,1,0.00019880715705765408
七十,1,0.00019880715705765408
幻真,1,0.00019880715705765408
不亦涉,1,0.00019880715705765408
幾,1,0.00019880715705765408
之產蔥,1,0.00019880715705765408
七寶,1,0.00019880715705765408
幾側,1,0.00019880715705765408
之漿,1,0.00019880715705765408
成珍,1,0.00019880715705765408
之境,1,0.00019880715705765408
之水,1,0.00019880715705765408
之東,1,0.00019880715705765408
幾番,1,0.00019880715705765408
幾益慎,1,0.00019880715705765408
之念,1,0.00019880715705765408
幾誤,1,0.00019880715705765408
幾飾,1,0.00019880715705765408
之平,1,0.00019880715705765408
之岡產,1,0.00019880715705765408
七月,1,0.00019880715705765408
成照,1,0.00019880715705765408
底须,1,0.00019880715705765408
弗忍,1,0.00019880715705765408
久經,1,0.00019880715705765408
弗惜,1,0.00019880715705765408
中於規,1,0.00019880715705765408
中碗材,1,0.00019880715705765408
彭元瑞,1,0.00019880715705765408
影瞻內,1,0.00019880715705765408
三分,1,0.00019880715705765408
彼中,1,0.00019880715705765408
彼中良,1,0.00019880715705765408
應調,1,0.00019880715705765408
彼中邊,1,0.00019880715705765408
彼地,1,0.00019880715705765408
應許,1,0.00019880715705765408
彼巧,1,0.00019880715705765408
彼斯,1,0.00019880715705765408
中敢,1,0.00019880715705765408
三五,1,0.00019880715705765408
彼此,1,0.00019880715705765408
彼石,1,0.00019880715705765408
中心,1,0.00019880715705765408
彼經,1,0.00019880715705765408
彼蓋,1,0.00019880715705765408
彼青,1,0.00019880715705765408
中循,1,0.00019880715705765408
往加,1,0.00019880715705765408
應聲,1,0.00019880715705765408
往益,1,0.00019880715705765408
中孟,1,0.00019880715705765408
待,1,0.00019880715705765408
彩輝輝,1,0.00019880715705765408
彩帛,1,0.00019880715705765408
三倍,1,0.00019880715705765408
彩,1,0.00019880715705765408
弗為,1,0.00019880715705765408
懷柔,1,0.00019880715705765408
久書紳,1,0.00019880715705765408
懷予,1,0.00019880715705765408
弗韞,1,0.00019880715705765408
弘璧琬琰,1,0.00019880715705765408
弟思,1,0.00019880715705765408
张慎,1,0.00019880715705765408
久,1,0.00019880715705765408
安期,1,0.00019880715705765408
弼,1,0.00019880715705765408
彄,1,0.00019880715705765408
乃圓其,1,0.00019880715705765408
乂,1,0.00019880715705765408
丸,1,0.00019880715705765408
中虛義具孚,1,0.00019880715705765408
形作瓜,1,0.00019880715705765408
形柄,1,0.00019880715705765408
形異,1,0.00019880715705765408
形肖,1,0.00019880715705765408
形色,1,0.00019880715705765408
形詠,1,0.00019880715705765408
形迹,1,0.00019880715705765408
中虛,1,0.00019880715705765408
中華,1,0.00019880715705765408
分數,1,0.00019880715705765408
以招,1,0.00019880715705765408
今葱嶺,1,0.00019880715705765408
可知,1,0.00019880715705765408
內有,1,0.00019880715705765408
內廷,1,0.00019880715705765408
內外,1,0.00019880715705765408
召公懷,1,0.00019880715705765408
召家圃,1,0.00019880715705765408
召誡,1,0.00019880715705765408
可以,1,0.00019880715705765408
可信,1,0.00019880715705765408
可同,1,0.00019880715705765408
可執,1,0.00019880715705765408
可尚,1,0.00019880715705765408
可必,1,0.00019880715705765408
可慨,1,0.00019880715705765408
可用,1,0.00019880715705765408
內地,1,0.00019880715705765408
安居,1,0.00019880715705765408
可辭,1,0.00019880715705765408
可酌,1,0.00019880715705765408
內含,1,0.00019880715705765408
史稱,1,0.00019880715705765408
內取,1,0.00019880715705765408
右側,1,0.00019880715705765408
右軍,1,0.00019880715705765408
司武,1,0.00019880715705765408
司空,1,0.00019880715705765408
入絮同,1,0.00019880715705765408
各種,1,0.00019880715705765408
合,1,0.00019880715705765408
入土,1,0.00019880715705765408
合任泳,1,0.00019880715705765408
召,1,0.00019880715705765408
只,1,0.00019880715705765408
古稱,1,0.00019880715705765408
古玉痕,1,0.00019880715705765408
厥,1,0.00019880715705765408
兩花,1,0.00019880715705765408
去,1,0.00019880715705765408
兩胎,1,0.00019880715705765408
及入,1,0.00019880715705765408
及北者,1,0.00019880715705765408
兩耳,1,0.00019880715705765408
兩珥,1,0.00019880715705765408
及商,1,0.00019880715705765408
及度,1,0.00019880715705765408
兩無藉,1,0.00019880715705765408
取,1,0.00019880715705765408
取携,1,0.00019880715705765408
取攜臻,1,0.00019880715705765408
取義,1,0.00019880715705765408
兩旁,1,0.00019880715705765408
取裁,1,0.00019880715705765408
兩分,1,0.00019880715705765408
兩,1,0.00019880715705765408
受斯量,1,0.00019880715705765408
全錄,1,0.00019880715705765408
全規,1,0.00019880715705765408
受記,1,0.00019880715705765408
全人,1,0.00019880715705765408
口,1,0.00019880715705765408
全,1,0.00019880715705765408
古來,1,0.00019880715705765408
古樸,1,0.00019880715705765408
古玉率,1,0.00019880715705765408
合度,1,0.00019880715705765408
合珠,1,0.00019880715705765408
合規,1,0.00019880715705765408
元史,1,0.00019880715705765408
周,1,0.00019880715705765408
周代,1,0.00019880715705765408
允臻,1,0.00019880715705765408
周家,1,0.00019880715705765408
周尺,1,0.00019880715705765408
周尺將,1,0.00019880715705765408
允彼良,1,0.00019880715705765408
儲胥,1,0.00019880715705765408
周禮,1,0.00019880715705765408
價,1,0.00019880715705765408
命精,1,0.00019880715705765408
咄哉,1,0.00019880715705765408
僧謂,1,0.00019880715705765408
僧繇畫,1,0.00019880715705765408
傳說,1,0.00019880715705765408
和闐產,1,0.00019880715705765408
咸,1,0.00019880715705765408
咸賓,1,0.00019880715705765408
品,1,0.00019880715705765408
哈薩,1,0.00019880715705765408
傳聞,1,0.00019880715705765408
傳盧弗,1,0.00019880715705765408
唐人,1,0.00019880715705765408
唐古忒,1,0.00019880715705765408
傳漢史,1,0.00019880715705765408
唐史,1,0.00019880715705765408
唐宋之,1,0.00019880715705765408
傅恒,1,0.00019880715705765408
唱答,1,0.00019880715705765408
元,1,0.00019880715705765408
呈進,1,0.00019880715705765408
合贈,1,0.00019880715705765408
元英大,1,0.00019880715705765408
免播,1,0.00019880715705765408
吉日,1,0.00019880715705765408
克,1,0.00019880715705765408
光麗且,1,0.00019880715705765408
光鄙,1,0.00019880715705765408
同稱,1,0.00019880715705765408
名其器,1,0.00019880715705765408
名弗識,1,0.00019880715705765408
名曰,1,0.00019880715705765408
向欲速,1,0.00019880715705765408
光瑩,1,0.00019880715705765408
君之職,1,0.00019880715705765408
光澤,1,0.00019880715705765408
光晶,1,0.00019880715705765408
光撫,1,0.00019880715705765408
君臣,1,0.00019880715705765408
君道,1,0.00019880715705765408
吟裁,1,0.00019880715705765408
吟詠,1,0.00019880715705765408
先之宜,1,0.00019880715705765408
兆惠,1,0.00019880715705765408
含光,1,0.00019880715705765408
含果,1,0.00019880715705765408
兆,1,0.00019880715705765408
扼要,1,0.00019880715705765408
含蕾,1,0.00019880715705765408
吳匠富,1,0.00019880715705765408
吳工,1,0.00019880715705765408
呂陳座,1,0.00019880715705765408
八,1,0.00019880715705765408
八十,1,0.00019880715705765408
八斗,1,0.00019880715705765408
凝似,1,0.00019880715705765408
凝,1,0.00019880715705765408
劉綸,1,0.00019880715705765408
劚,1,0.00019880715705765408
力士,1,0.00019880715705765408
功德,1,0.00019880715705765408
功成,1,0.00019880715705765408
劬,1,0.00019880715705765408
冷語,1,0.00019880715705765408
劼,1,0.00019880715705765408
勅,1,0.00019880715705765408
勉,1,0.00019880715705765408
冰而,1,0.00019880715705765408
勝,1,0.00019880715705765408
勝玉人,1,0.00019880715705765408
勝般,1,0.00019880715705765408
勞徠,1,0.00019880715705765408
勞驛,1,0.00019880715705765408
冰心,1,0.00019880715705765408
冰壺,1,0.00019880715705765408
勻,1,0.00019880715705765408
匀停,1,0.00019880715705765408
包,1,0.00019880715705765408
包含,1,0.00019880715705765408
冬日,1,0.00019880715705765408
冒,1,0.00019880715705765408
内地,1,0.00019880715705765408
北斗,1,0.00019880715705765408
匜,1,0.00019880715705765408
匠,1,0.00019880715705765408
剿,1,0.00019880715705765408
創,1,0.00019880715705765408
匪求,1,0.00019880715705765408
凝壺,1,0.00019880715705765408
分無,1,0.00019880715705765408
函瑩雪,1,0.00019880715705765408
切,1,0.00019880715705765408
刓,1,0.00019880715705765408
列,1,0.00019880715705765408
列宿,1,0.00019880715705765408
列星,1,0.00019880715705765408
出雲,1,0.00019880715705765408
初十,1,0.00019880715705765408
利市,1,0.00019880715705765408
出玉瓏,1,0.00019880715705765408
制巧,1,0.00019880715705765408
刻印,1,0.00019880715705765408
刻片,1,0.00019880715705765408
出玉,1,0.00019880715705765408
出泰,1,0.00019880715705765408
出方,1,0.00019880715705765408
出師,1,0.00019880715705765408
刻葉,1,0.00019880715705765408
刻葉以,1,0.00019880715705765408
出奇,1,0.00019880715705765408
出土,1,0.00019880715705765408
則此,1,0.00019880715705765408
几平,1,0.00019880715705765408
几佐,1,0.00019880715705765408
削瓜,1,0.00019880715705765408
前,1,0.00019880715705765408
几不欹側,1,0.00019880715705765408
前歌後舞,1,0.00019880715705765408
匣開,1,0.00019880715705765408
匪美,1,0.00019880715705765408
原誤,1,0.00019880715705765408
博徑,1,0.00019880715705765408
卜通,1,0.00019880715705765408
其職,1,0.00019880715705765408
占,1,0.00019880715705765408
占異,1,0.00019880715705765408
其精,1,0.00019880715705765408
其疊,1,0.00019880715705765408
其獨,1,0.00019880715705765408
卧碗,1,0.00019880715705765408
其然乎,1,0.00019880715705765408
其性,1,0.00019880715705765408
即信,1,0.00019880715705765408
即北,1,0.00019880715705765408
即拔,1,0.00019880715705765408
即物,1,0.00019880715705765408
即華言,1,0.00019880715705765408
其仲,1,0.00019880715705765408
兵革,1,0.00019880715705765408
卷然,1,0.00019880715705765408
卷芳,1,0.00019880715705765408
卻賞,1,0.00019880715705765408
六韻,1,0.00019880715705765408
厄魯用,1,0.00019880715705765408
厚往,1,0.00019880715705765408
厚往薄來,1,0.00019880715705765408
六城久,1,0.00019880715705765408
原始,1,0.00019880715705765408
八鬥費言艱,1,0.00019880715705765408
原尚白,1,0.00019880715705765408
原從,1,0.00019880715705765408
博望,1,0.00019880715705765408
南面,1,0.00019880715705765408
匭,1,0.00019880715705765408
南瞻部洲者,1,0.00019880715705765408
匵,1,0.00019880715705765408
區寧論,1,0.00019880715705765408
十,1,0.00019880715705765408
兼愧,1,0.00019880715705765408
兼四寶殊,1,0.00019880715705765408
兹,1,0.00019880715705765408
十二,1,0.00019880715705765408
典雅,1,0.00019880715705765408
十出,1,0.00019880715705765408
千年,1,0.00019880715705765408
千斤,1,0.00019880715705765408
千瓣,1,0.00019880715705765408
千百年,1,0.00019880715705765408
千秋,1,0.00019880715705765408
典,1,0.00019880715705765408
千餘里,1,0.00019880715705765408
卅年,1,0.00019880715705765408
具當,1,0.00019880715705765408
半分,1,0.00019880715705765408
半匡,1,0.00019880715705765408
具中,1,0.00019880715705765408
南山,1,0.00019880715705765408
具,1,0.00019880715705765408
南方,1,0.00019880715705765408
其道,1,0.00019880715705765408
其跡,1,0.00019880715705765408
南為,1,0.00019880715705765408
其致,1,0.00019880715705765408
其脂,1,0.00019880715705765408
商賈,1,0.00019880715705765408
問,1,0.00019880715705765408
問乃明,1,0.00019880715705765408
外竊式,1,0.00019880715705765408
休論,1,0.00019880715705765408
休稱,1,0.00019880715705765408
休息,1,0.00019880715705765408
多餘,1,0.00019880715705765408
夢魚,1,0.00019880715705765408
休屠金,1,0.00019880715705765408
大典,1,0.00019880715705765408
大學士,1,0.00019880715705765408
大宛,1,0.00019880715705765408
大尚,1,0.00019880715705765408
伊,1,0.00019880715705765408
大率,1,0.00019880715705765408
企,1,0.00019880715705765408
仿佛,1,0.00019880715705765408
任,1,0.00019880715705765408
大盤,1,0.00019880715705765408
大腹,1,0.00019880715705765408
天,1,0.00019880715705765408
仲春,1,0.00019880715705765408
天地,1,0.00019880715705765408
天子,1,0.00019880715705765408
天巧奪,1,0.00019880715705765408
天府,1,0.00019880715705765408
天庥,1,0.00019880715705765408
天眷,1,0.00019880715705765408
仰寧當,1,0.00019880715705765408
仰似,1,0.00019880715705765408
天竺僧,1,0.00019880715705765408
以革,1,0.00019880715705765408
外香,1,0.00019880715705765408
传古,1,0.00019880715705765408
夫以,1,0.00019880715705765408
外潤德,1,0.00019880715705765408
埴,1,0.00019880715705765408
佐,1,0.00019880715705765408
執虚,1,0.00019880715705765408
位,1,0.00019880715705765408
堅昆玉,1,0.00019880715705765408
但,1,0.00019880715705765408
堯,1,0.00019880715705765408
境界,1,0.00019880715705765408
伽,1,0.00019880715705765408
似斷,1,0.00019880715705765408
增心,1,0.00019880715705765408
似宋,1,0.00019880715705765408
似兹,1,0.00019880715705765408
墨,1,0.00019880715705765408
墨池,1,0.00019880715705765408
墾田,1,0.00019880715705765408
墾耕,1,0.00019880715705765408
壓韋,1,0.00019880715705765408
壬午,1,0.00019880715705765408
壬午年,1,0.00019880715705765408
壽而貞,1,0.00019880715705765408
夏,1,0.00019880715705765408
外,1,0.00019880715705765408
外傳,1,0.00019880715705765408
外區,1,0.00019880715705765408
伴周,1,0.00019880715705765408
伯克覲,1,0.00019880715705765408
伯克,1,0.00019880715705765408
外潤,1,0.00019880715705765408
太阿,1,0.00019880715705765408
以量,1,0.00019880715705765408
何以,1,0.00019880715705765408
妙理,1,0.00019880715705765408
妥帖,1,0.00019880715705765408
以代,1,0.00019880715705765408
仙成,1,0.00019880715705765408
威儀,1,0.00019880715705765408
婆羅門,1,0.00019880715705765408
婴垣,1,0.00019880715705765408
仙,1,0.00019880715705765408
婴垣玉,1,0.00019880715705765408
嫌膩,1,0.00019880715705765408
嬰垣,1,0.00019880715705765408
嬰垣玉,1,0.00019880715705765408
付之有,1,0.00019880715705765408
子雍,1,0.00019880715705765408
孔,1,0.00019880715705765408
他山石,1,0.00019880715705765408
他山憐,1,0.00019880715705765408
仍結,1,0.00019880715705765408
孕靈,1,0.00019880715705765408
存,1,0.00019880715705765408
孜孜,1,0.00019880715705765408
仍玉,1,0.00019880715705765408
孝,1,0.00019880715705765408
仍愧,1,0.00019880715705765408
孫卿,1,0.00019880715705765408
孫永保用,1,0.00019880715705765408
孰知,1,0.00019880715705765408
孰謂,1,0.00019880715705765408
介紹,1,0.00019880715705765408
守世則,1,0.00019880715705765408
妥,1,0.00019880715705765408
妙己,1,0.00019880715705765408
夫適,1,0.00019880715705765408
如近,1,0.00019880715705765408
失,1,0.00019880715705765408
夾輔,1,0.00019880715705765408
以達,1,0.00019880715705765408
以薄,1,0.00019880715705765408
以短,1,0.00019880715705765408
以獵,1,0.00019880715705765408
奇技,1,0.00019880715705765408
奇文,1,0.00019880715705765408
奇珍,1,0.00019880715705765408
奇環,1,0.00019880715705765408
奉,1,0.00019880715705765408
奕,1,0.00019880715705765408
奢,1,0.00019880715705765408
奢望,1,0.00019880715705765408
以此,1,0.00019880715705765408
以暢,1,0.00019880715705765408
分披,1,0.00019880715705765408
以戰,1,0.00019880715705765408
如何,1,0.00019880715705765408
如凍,1,0.00019880715705765408
如削,1,0.00019880715705765408
如剖腑,1,0.00019880715705765408
以伴,1,0.00019880715705765408
如曲項,1,0.00019880715705765408
如此,1,0.00019880715705765408
如滿,1,0.00019880715705765408
如磨常忆,1,0.00019880715705765408
如窮奇,1,0.00019880715705765408
以代銘,1,0.00019880715705765408
域,1,0.00019880715705765408
城,1,0.00019880715705765408
問今,1,0.00019880715705765408
信堪师,1,0.00019880715705765408
噶爾,1,0.00019880715705765408
嚮,1,0.00019880715705765408
嚴從,1,0.00019880715705765408
四,1,0.00019880715705765408
俘彼禍,1,0.00019880715705765408
便攜,1,0.00019880715705765408
四大部,1,0.00019880715705765408
四寸,1,0.00019880715705765408
四方,1,0.00019880715705765408
四時,1,0.00019880715705765408
侯,1,0.00019880715705765408
依花,1,0.00019880715705765408
依舊,1,0.00019880715705765408
依約,1,0.00019880715705765408
四環,1,0.00019880715705765408
依然,1,0.00019880715705765408
四疊團,1,0.00019880715705765408
四發,1,0.00019880715705765408
四藏宛,1,0.00019880715705765408
回,1,0.00019880715705765408
依前,1,0.00019880715705765408
供,1,0.00019880715705765408
回人,1,0.00019880715705765408
回劍,1,0.00019880715705765408
回地,1,0.00019880715705765408
回城,1,0.00019880715705765408
來遐,1,0.00019880715705765408
回斧,1,0.00019880715705765408
回語,1,0.00019880715705765408
器審,1,0.00019880715705765408
信應,1,0.00019880715705765408
來己,1,0.00019880715705765408
器同,1,0.00019880715705765408
偶用,1,0.00019880715705765408
問那,1,0.00019880715705765408
啜,1,0.00019880715705765408
偶獲,1,0.00019880715705765408
喀什,1,0.00019880715705765408
偶徵迷,1,0.00019880715705765408
善卷,1,0.00019880715705765408
偶如,1,0.00019880715705765408
喜固,1,0.00019880715705765408
停,1,0.00019880715705765408
喻叶盤,1,0.00019880715705765408
喻擬,1,0.00019880715705765408
喻水,1,0.00019880715705765408
嗟,1,0.00019880715705765408
偃,1,0.00019880715705765408
嗣,1,0.00019880715705765408
借新,1,0.00019880715705765408
嘆,1,0.00019880715705765408
嘉,1,0.00019880715705765408
嘉哉,1,0.00019880715705765408
嘉慶,1,0.00019880715705765408
嘉產來,1,0.00019880715705765408
嘉茲,1,0.00019880715705765408
嘩囂,1,0.00019880715705765408
借喻,1,0.00019880715705765408
倕,1,0.00019880715705765408
倒持,1,0.00019880715705765408
信難,1,0.00019880715705765408
器匪,1,0.00019880715705765408
來自,1,0.00019880715705765408
因,1,0.00019880715705765408
埋,1,0.00019880715705765408
作甕堪,1,0.00019880715705765408
圓潔,1,0.00019880715705765408
圓而,1,0.00019880715705765408
圓與方,1,0.00019880715705765408
圓規,1,0.00019880715705765408
圓鑑,1,0.00019880715705765408
佛經,1,0.00019880715705765408
團似,1,0.00019880715705765408
團規寶月,1,0.00019880715705765408
土浸,1,0.00019880715705765408
土花,1,0.00019880715705765408
土華,1,0.00019880715705765408
土貢,1,0.00019880715705765408
土銹凝鮮,1,0.00019880715705765408
何須,1,0.00019880715705765408
何難,1,0.00019880715705765408
在手,1,0.00019880715705765408
圭角,1,0.00019880715705765408
何關,1,0.00019880715705765408
地產,1,0.00019880715705765408
地醜,1,0.00019880715705765408
坰,1,0.00019880715705765408
垂似,1,0.00019880715705765408
垂作,1,0.00019880715705765408
垂出,1,0.00019880715705765408
何爲,1,0.00019880715705765408
垂棘,1,0.00019880715705765408
垂而雙,1,0.00019880715705765408
垂草,1,0.00019880715705765408
何時,1,0.00019880715705765408
作杯,1,0.00019880715705765408
圓實,1,0.00019880715705765408
來回,1,0.00019880715705765408
圓唇,1,0.00019880715705765408
因可思,1,0.00019880715705765408
來保,1,0.00019880715705765408
因志滿,1,0.00019880715705765408
因懷,1,0.00019880715705765408
因擎,1,0.00019880715705765408
因考,1,0.00019880715705765408
因選,1,0.00019880715705765408
因重,1,0.00019880715705765408
固有,1,0.00019880715705765408
圃,1,0.00019880715705765408
圉,1,0.00019880715705765408
國,1,0.00019880715705765408
國珍,1,0.00019880715705765408
國者,1,0.00019880715705765408
國賓,1,0.00019880715705765408
使來,1,0.00019880715705765408
圍三,1,0.00019880715705765408
圍三徑,1,0.00019880715705765408
佳話,1,0.00019880715705765408
圍三規,1,0.00019880715705765408
圍承,1,0.00019880715705765408
圍盈,1,0.00019880715705765408
佳法存,1,0.00019880715705765408
佳城,1,0.00019880715705765408
圓中規,1,0.00019880715705765408
圓之至,1,0.00019880715705765408
圓切,1,0.00019880715705765408
作蒂如,1,0.00019880715705765408
圓匡,1,0.00019880715705765408
含精澤,1,0.00019880715705765408
𨤍,1,0.00019880715705765408
承以,1,0.00019880715705765408
著訓,1,0.00019880715705765408
藕,1,0.00019880715705765408
藏,1,0.00019880715705765408
藍玉合,1,0.00019880715705765408
藉以,1,0.00019880715705765408
薄過,1,0.00019880715705765408
薄訝,1,0.00019880715705765408
薄疑,1,0.00019880715705765408
蕤,1,0.00019880715705765408
蕚,1,0.00019880715705765408
蕆,1,0.00019880715705765408
蔔,1,0.00019880715705765408
蔓自青,1,0.00019880715705765408
蓋君人,1,0.00019880715705765408
蓋內,1,0.00019880715705765408
蒙古,1,0.00019880715705765408
蒂,1,0.00019880715705765408
董邦達,1,0.00019880715705765408
藝苑,1,0.00019880715705765408
藝視,1,0.00019880715705765408
蘇,1,0.00019880715705765408
蟬無翼,1,0.00019880715705765408
行程,1,0.00019880715705765408
行房,1,0.00019880715705765408
行光溢濤,1,0.00019880715705765408
行,1,0.00019880715705765408
血浸,1,0.00019880715705765408
蠲,1,0.00019880715705765408
蠟幹,1,0.00019880715705765408
蜀,1,0.00019880715705765408
蘇州,1,0.00019880715705765408
蚌殼,1,0.00019880715705765408
虛評,1,0.00019880715705765408
虛中朗,1,0.00019880715705765408
虛中,1,0.00019880715705765408
處,1,0.00019880715705765408
虔奪攘紛,1,0.00019880715705765408
虔俟昊,1,0.00019880715705765408
董,1,0.00019880715705765408
葉背,1,0.00019880715705765408
花想,1,0.00019880715705765408
葉簇,1,0.00019880715705765408
菊瓣,1,0.00019880715705765408
菊泉,1,0.00019880715705765408
菃,1,0.00019880715705765408
莫過於,1,0.00019880715705765408
莫得,1,0.00019880715705765408
荒誕,1,0.00019880715705765408
荒棘,1,0.00019880715705765408
荀息,1,0.00019880715705765408
茗,1,0.00019880715705765408
英而素,1,0.00019880715705765408
若脂,1,0.00019880715705765408
若水,1,0.00019880715705765408
苕,1,0.00019880715705765408
芳,1,0.00019880715705765408
花縈,1,0.00019880715705765408
花攢葉,1,0.00019880715705765408
花擎,1,0.00019880715705765408
華,1,0.00019880715705765408
華勒,1,0.00019880715705765408
華夏,1,0.00019880715705765408
葉反,1,0.00019880715705765408
葉疑,1,0.00019880715705765408
葉方,1,0.00019880715705765408
葉抱,1,0.00019880715705765408
葉扶柔,1,0.00019880715705765408
葉庥,1,0.00019880715705765408
葉子,1,0.00019880715705765408
葉單,1,0.00019880715705765408
萬寶,1,0.00019880715705765408
華宮,1,0.00019880715705765408
萃,1,0.00019880715705765408
華言自,1,0.00019880715705765408
華葉,1,0.00019880715705765408
華秋實,1,0.00019880715705765408
華滋,1,0.00019880715705765408
華服,1,0.00019880715705765408
華手,1,0.00019880715705765408
行觴,1,0.00019880715705765408
衍,1,0.00019880715705765408
衛拉,1,0.00019880715705765408
衣,1,0.00019880715705765408
詩長,1,0.00019880715705765408
詩紀,1,0.00019880715705765408
試問,1,0.00019880715705765408
詠誌,1,0.00019880715705765408
詠懷,1,0.00019880715705765408
詞,1,0.00019880715705765408
許顏輩,1,0.00019880715705765408
設贈,1,0.00019880715705765408
設欲,1,0.00019880715705765408
設擬方,1,0.00019880715705765408
訝難,1,0.00019880715705765408
訛痕,1,0.00019880715705765408
訛,1,0.00019880715705765408
記既成,1,0.00019880715705765408
託,1,0.00019880715705765408
計求,1,0.00019880715705765408
言念,1,0.00019880715705765408
詭奪,1,0.00019880715705765408
詳焉,1,0.00019880715705765408
誇而增,1,0.00019880715705765408
說符,1,0.00019880715705765408
謝兮盤,1,0.00019880715705765408
謂,1,0.00019880715705765408
諸言備,1,0.00019880715705765408
諸取,1,0.00019880715705765408
諧,1,0.00019880715705765408
調,1,0.00019880715705765408
誰則識,1,0.00019880715705765408
誥,1,0.00019880715705765408
誇萬,1,0.00019880715705765408
誠遠,1,0.00019880715705765408
誠罕,1,0.00019880715705765408
誠意,1,0.00019880715705765408
誠如,1,0.00019880715705765408
誠叨,1,0.00019880715705765408
誚,1,0.00019880715705765408
誇高,1,0.00019880715705765408
解嘲,1,0.00019880715705765408
解助,1,0.00019880715705765408
角,1,0.00019880715705765408
裏,1,0.00019880715705765408
西北,1,0.00019880715705765408
襲而置,1,0.00019880715705765408
襄,1,0.00019880715705765408
複,1,0.00019880715705765408
裴,1,0.00019880715705765408
裝作,1,0.00019880715705765408
補闕,1,0.00019880715705765408
裊,1,0.00019880715705765408
西土,1,0.00019880715705765408
裁玉,1,0.00019880715705765408
被,1,0.00019880715705765408
表進,1,0.00019880715705765408
表誠充,1,0.00019880715705765408
表裏,1,0.00019880715705765408
表斯溫,1,0.00019880715705765408
表丹衷,1,0.00019880715705765408
西去,1,0.00019880715705765408
西域,1,0.00019880715705765408
规制,1,0.00019880715705765408
規,1,0.00019880715705765408
覬覦,1,0.00019880715705765408
規面,1,0.00019880715705765408
規潤研,1,0.00019880715705765408
規是,1,0.00019880715705765408
規圓外,1,0.00019880715705765408
規則,1,0.00019880715705765408
規以,1,0.00019880715705765408
見角端,1,0.00019880715705765408
西天,1,0.00019880715705765408
要領,1,0.00019880715705765408
要,1,0.00019880715705765408
西王母,1,0.00019880715705765408
西為,1,0.00019880715705765408
西瀛津,1,0.00019880715705765408
西池,1,0.00019880715705765408
西極,1,0.00019880715705765408
花承底,1,0.00019880715705765408
芰,1,0.00019880715705765408
簠,1,0.00019880715705765408
縠,1,0.00019880715705765408
置於,1,0.00019880715705765408
罕見,1,0.00019880715705765408
罇,1,0.00019880715705765408
缾,1,0.00019880715705765408
缮,1,0.00019880715705765408
细入,1,0.00019880715705765408
纈,1,0.00019880715705765408
繽纷,1,0.00019880715705765408
繼照騰,1,0.00019880715705765408
繩窮,1,0.00019880715705765408
繩,1,0.00019880715705765408
繋,1,0.00019880715705765408
繁縟,1,0.00019880715705765408
繁澤,1,0.00019880715705765408
繁,1,0.00019880715705765408
總應,1,0.00019880715705765408
總一圓,1,0.00019880715705765408
罷師,1,0.00019880715705765408
羊頭,1,0.00019880715705765408
美惟西,1,0.00019880715705765408
羾,1,0.00019880715705765408
老蚌擘,1,0.00019880715705765408
翻葉,1,0.00019880715705765408
翻出,1,0.00019880715705765408
翰林,1,0.00019880715705765408
翠葉,1,0.00019880715705765408
翠,1,0.00019880715705765408
翅,1,0.00019880715705765408
羹,1,0.00019880715705765408
美玉,1,0.00019880715705765408
義,1,0.00019880715705765408
群玉,1,0.00019880715705765408
羞稱,1,0.00019880715705765408
羞,1,0.00019880715705765408
羙,1,0.00019880715705765408
美踵前,1,0.00019880715705765408
美超魏,1,0.00019880715705765408
總,1,0.00019880715705765408
縝圓,1,0.00019880715705765408
艾葉,1,0.00019880715705765408
縝,1,0.00019880715705765408
紙更,1,0.00019880715705765408
紙,1,0.00019880715705765408
紅,1,0.00019880715705765408
約,1,0.00019880715705765408
紀實,1,0.00019880715705765408
糾愆,1,0.00019880715705765408
精難,1,0.00019880715705765408
精金,1,0.00019880715705765408
精緻,1,0.00019880715705765408
精球,1,0.00019880715705765408
精玩弗求廼頻,1,0.00019880715705765408
精惟,1,0.00019880715705765408
精巧,1,0.00019880715705765408
精工,1,0.00019880715705765408
精出,1,0.00019880715705765408
籍邊,1,0.00019880715705765408
簷,1,0.00019880715705765408
細刻,1,0.00019880715705765408
細攢,1,0.00019880715705765408
細細,1,0.00019880715705765408
綈,1,0.00019880715705765408
緻,1,0.00019880715705765408
緬,1,0.00019880715705765408
緣何,1,0.00019880715705765408
綿,1,0.00019880715705765408
綠玉,1,0.00019880715705765408
綠,1,0.00019880715705765408
經遠,1,0.00019880715705765408
絲,1,0.00019880715705765408
細腰,1,0.00019880715705765408
絮,1,0.00019880715705765408
絕域,1,0.00019880715705765408
絕勝,1,0.00019880715705765408
絕倫,1,0.00019880715705765408
組集,1,0.00019880715705765408
組,1,0.00019880715705765408
終致,1,0.00019880715705765408
考,1,0.00019880715705765408
考之芳,1,0.00019880715705765408
考古,1,0.00019880715705765408
考工書,1,0.00019880715705765408
舊列,1,0.00019880715705765408
舉酌,1,0.00019880715705765408
舉,1,0.00019880715705765408
舆昔獲,1,0.00019880715705765408
致遠,1,0.00019880715705765408
致達域,1,0.00019880715705765408
致潔用,1,0.00019880715705765408
致京,1,0.00019880715705765408
至理,1,0.00019880715705765408
自此,1,0.00019880715705765408
自欺,1,0.00019880715705765408
自有,1,0.00019880715705765408
自應,1,0.00019880715705765408
自徹,1,0.00019880715705765408
自強不息,1,0.00019880715705765408
自合棄,1,0.00019880715705765408
自古,1,0.00019880715705765408
舊器,1,0.00019880715705765408
舊物,1,0.00019880715705765408
舍,1,0.00019880715705765408
艱,1,0.00019880715705765408
艾枝,1,0.00019880715705765408
艾,1,0.00019880715705765408
色潤,1,0.00019880715705765408
色形,1,0.00019880715705765408
色如,1,0.00019880715705765408
艱致尺,1,0.00019880715705765408
艱致,1,0.00019880715705765408
良璆,1,0.00019880715705765408
舒,1,0.00019880715705765408
良球本,1,0.00019880715705765408
良朋,1,0.00019880715705765408
良工造,1,0.00019880715705765408
良工心,1,0.00019880715705765408
良工夥,1,0.00019880715705765408
良,1,0.00019880715705765408
舒州,1,0.00019880715705765408
自來,1,0.00019880715705765408
臨,1,0.00019880715705765408
臣趙秉冲,1,0.00019880715705765408
而銘器,1,0.00019880715705765408
聚,1,0.00019880715705765408
耳葉,1,0.00019880715705765408
耳綴,1,0.00019880715705765408
耳正,1,0.00019880715705765408
耳垂,1,0.00019880715705765408
耳吐蕾,1,0.00019880715705765408
耕者,1,0.00019880715705765408
而通,1,0.00019880715705765408
聯,1,0.00019880715705765408
而興,1,0.00019880715705765408
而漸,1,0.00019880715705765408
而本朝,1,0.00019880715705765408
而後,1,0.00019880715705765408
而今,1,0.00019880715705765408
而二語,1,0.00019880715705765408
而且,1,0.00019880715705765408
聚好愧,1,0.00019880715705765408
聯偶,1,0.00019880715705765408
臣質,1,0.00019880715705765408
肖鵝顱,1,0.00019880715705765408
臣,1,0.00019880715705765408
臉,1,0.00019880715705765408
腸曾,1,0.00019880715705765408
脱粟儉堪祖,1,0.00019880715705765408
脂白,1,0.00019880715705765408
胥,1,0.00019880715705765408
背,1,0.00019880715705765408
肖瓜形,1,0.00019880715705765408
聯句,1,0.00019880715705765408
肖是,1,0.00019880715705765408
肖,1,0.00019880715705765408
肆,1,0.00019880715705765408
職乎,1,0.00019880715705765408
職之謂,1,0.00019880715705765408
聯舊,1,0.00019880715705765408
聯翩,1,0.00019880715705765408
謝弗及,1,0.00019880715705765408
謬,1,0.00019880715705765408
謾訝,1,0.00019880715705765408
附會,1,0.00019880715705765408
雖徠,1,0.00019880715705765408
雖厚往,1,0.00019880715705765408
雖佛,1,0.00019880715705765408
雖云酬,1,0.00019880715705765408
雕鏤,1,0.00019880715705765408
雕刻,1,0.00019880715705765408
雕,1,0.00019880715705765408
雍熙,1,0.00019880715705765408
集鱗流,1,0.00019880715705765408
集,1,0.00019880715705765408
雅同,1,0.00019880715705765408
雅似,1,0.00019880715705765408
雅,1,0.00019880715705765408
隹,1,0.00019880715705765408
隨規,1,0.00019880715705765408
隨步,1,0.00019880715705765408
除,1,0.00019880715705765408
雖清,1,0.00019880715705765408
雖雲酬,1,0.00019880715705765408
雖非貴,1,0.00019880715705765408
雙葩,1,0.00019880715705765408
難辨,1,0.00019880715705765408
難言,1,0.00019880715705765408
難極,1,0.00019880715705765408
難尋,1,0.00019880715705765408
離瓊,1,0.00019880715705765408
雞冠,1,0.00019880715705765408
雙重,1,0.00019880715705765408
雙苞綴,1,0.00019880715705765408
雙,1,0.00019880715705765408
雙珍,1,0.00019880715705765408
雙牽長,1,0.00019880715705765408
雙撑,1,0.00019880715705765408
雙寧祗,1,0.00019880715705765408
雙器,1,0.00019880715705765408
雙合,1,0.00019880715705765408
雙卷,1,0.00019880715705765408
陣圖,1,0.00019880715705765408
附攢萼,1,0.00019880715705765408
謾詡,1,0.00019880715705765408
阿里,1,0.00019880715705765408
鏤諸,1,0.00019880715705765408
鏤翼,1,0.00019880715705765408
鏤傳,1,0.00019880715705765408
鏁,1,0.00019880715705765408
鎮西,1,0.00019880715705765408
鎧,1,0.00019880715705765408
錦囊,1,0.00019880715705765408
錢維城,1,0.00019880715705765408
錢,1,0.00019880715705765408
錀,1,0.00019880715705765408
銜,1,0.00019880715705765408
銖,1,0.00019880715705765408
銀,1,0.00019880715705765408
鈐印,1,0.00019880715705765408
釘心,1,0.00019880715705765408
金神,1,0.00019880715705765408
金焰,1,0.00019880715705765408
鐫字,1,0.00019880715705765408
鐵,1,0.00019880715705765408
鐺,1,0.00019880715705765408
閜,1,0.00019880715705765408
阿睦,1,0.00019880715705765408
關內,1,0.00019880715705765408
闔,1,0.00019880715705765408
闓,1,0.00019880715705765408
閶,1,0.00019880715705765408
閲,1,0.00019880715705765408
閬,1,0.00019880715705765408
間,1,0.00019880715705765408
鑑存,1,0.00019880715705765408
閑,1,0.00019880715705765408
開四照,1,0.00019880715705765408
門市,1,0.00019880715705765408
長休,1,0.00019880715705765408
長,1,0.00019880715705765408
鑿空,1,0.00019880715705765408
鑒,1,0.00019880715705765408
雨風,1,0.00019880715705765408
雲容,1,0.00019880715705765408
雲窗,1,0.00019880715705765408
震,1,0.00019880715705765408
髪,1,0.00019880715705765408
高工,1,0.00019880715705765408
體全,1,0.00019880715705765408
髓,1,0.00019880715705765408
驛致,1,0.00019880715705765408
驛使,1,0.00019880715705765408
驛亭,1,0.00019880715705765408
驛,1,0.00019880715705765408
驗雲腴,1,0.00019880715705765408
驗豐徵,1,0.00019880715705765408
騰,1,0.00019880715705765408
騐,1,0.00019880715705765408
馬,1,0.00019880715705765408
香茗,1,0.00019880715705765408
饗,1,0.00019880715705765408
飲湯,1,0.00019880715705765408
飲水,1,0.00019880715705765408
髮絲,1,0.00019880715705765408
鬼,1,0.00019880715705765408
魄,1,0.00019880715705765408
黃,1,0.00019880715705765408
龍躍澤,1,0.00019880715705765408
龍德出,1,0.00019880715705765408
齊相,1,0.00019880715705765408
齊爾圖,1,0.00019880715705765408
齊斧言旋,1,0.00019880715705765408
默克,1,0.00019880715705765408
黍,1,0.00019880715705765408
鹿台,1,0.00019880715705765408
魴,1,0.00019880715705765408
鹿,1,0.00019880715705765408
鴻漸,1,0.00019880715705765408
鴻工,1,0.00019880715705765408
鴻,1,0.00019880715705765408
鴛锦雲章,1,0.00019880715705765408
鮮見,1,0.00019880715705765408
鮮如,1,0.00019880715705765408
食芹負,1,0.00019880715705765408
食兮,1,0.00019880715705765408
飛不翼,1,0.00019880715705765408
非所云,1,0.00019880715705765408
非遠,1,0.00019880715705765408
非誇,1,0.00019880715705765408
非無園,1,0.00019880715705765408
非楚石,1,0.00019880715705765408
非棗,1,0.00019880715705765408
非来,1,0.00019880715705765408
非於,1,0.00019880715705765408
非德致,1,0.00019880715705765408
韓愈,1,0.00019880715705765408
非寶,1,0.00019880715705765408
非奇,1,0.00019880715705765408
非力,1,0.00019880715705765408
靖孽醜,1,0.00019880715705765408
靈川,1,0.00019880715705765408
露承鮮,1,0.00019880715705765408
霞,1,0.00019880715705765408
韓子,1,0.00019880715705765408
韭,1,0.00019880715705765408
風動,1,0.00019880715705765408
題成,1,0.00019880715705765408
颈,1,0.00019880715705765408
顧,1,0.00019880715705765408
顛末,1,0.00019880715705765408
顔,1,0.00019880715705765408
顏色,1,0.00019880715705765408
顏與許,1,0.00019880715705765408
顏子,1,0.00019880715705765408
題句,1,0.00019880715705765408
韭為,1,0.00019880715705765408
頳,1,0.00019880715705765408
頗,1,0.00019880715705765408
頌,1,0.00019880715705765408
順,1,0.00019880715705765408
音聲,1,0.00019880715705765408
音各殊,1,0.00019880715705765408
音,1,0.00019880715705765408
量材,1,0.00019880715705765408
量,1,0.00019880715705765408
重陽節,1,0.00019880715705765408
返異臣,1,0.00019880715705765408
踰,1,0.00019880715705765408
跪叩,1,0.00019880715705765408
跋,1,0.00019880715705765408
足食,1,0.00019880715705765408
足砥紛,1,0.00019880715705765408
足承花,1,0.00019880715705765408
足奇,1,0.00019880715705765408
足,1,0.00019880715705765408
超絕,1,0.00019880715705765408
起尚,1,0.00019880715705765408
赤刀弘,1,0.00019880715705765408
资,1,0.00019880715705765408
贏輕,1,0.00019880715705765408
贊化協,1,0.00019880715705765408
贊,1,0.00019880715705765408
贈,1,0.00019880715705765408
賴痕,1,0.00019880715705765408
蹖,1,0.00019880715705765408
身,1,0.00019880715705765408
身毒,1,0.00019880715705765408
輪滿,1,0.00019880715705765408
迎年,1,0.00019880715705765408
辭,1,0.00019880715705765408
辨質,1,0.00019880715705765408
辟邪,1,0.00019880715705765408
轉遐,1,0.00019880715705765408
轉,1,0.00019880715705765408
輪誠從,1,0.00019880715705765408
輝聯瓚,1,0.00019880715705765408
身花,1,0.00019880715705765408
輕葉,1,0.00019880715705765408
輕如蟬,1,0.00019880715705765408
輕,1,0.00019880715705765408
輒,1,0.00019880715705765408
軺,1,0.00019880715705765408
軒,1,0.00019880715705765408
身花匀,1,0.00019880715705765408
質輕,1,0.00019880715705765408
質本,1,0.00019880715705765408
賤用物,1,0.00019880715705765408
谈以,1,0.00019880715705765408
豐殺,1,0.00019880715705765408
豐劍,1,0.00019880715705765408
豈讀,1,0.00019880715705765408
豈能,1,0.00019880715705765408
豈瓏玲,1,0.00019880715705765408
豈止,1,0.00019880715705765408
豁爾一,1,0.00019880715705765408
讀史,1,0.00019880715705765408
貢亦不為,1,0.00019880715705765408
讀,1,0.00019880715705765408
譯重,1,0.00019880715705765408
譯者,1,0.00019880715705765408
譜,1,0.00019880715705765408
識,1,0.00019880715705765408
譏耳,1,0.00019880715705765408
譌,1,0.00019880715705765408
象骨徒,1,0.00019880715705765408
貢亦弗,1,0.00019880715705765408
賢,1,0.00019880715705765408
貴者,1,0.00019880715705765408
賓夷,1,0.00019880715705765408
賈堪言,1,0.00019880715705765408
賁來,1,0.00019880715705765408
貿易,1,0.00019880715705765408
費言艱,1,0.00019880715705765408
貺,1,0.00019880715705765408
買春,1,0.00019880715705765408
貯墨卿,1,0.00019880715705765408
貢來,1,0.00019880715705765408
貯冰,1,0.00019880715705765408
貯以,1,0.00019880715705765408
貢自馳,1,0.00019880715705765408
貢珍果,1,0.00019880715705765408
貢猶堪徵,1,0.00019880715705765408
貢效,1,0.00019880715705765408
貢外區,1,0.00019880715705765408
近得,1,0.00019880715705765408
述古,1,0.00019880715705765408
重層,1,0.00019880715705765408
迴,1,0.00019880715705765408
那肯,1,0.00019880715705765408
那知,1,0.00019880715705765408
那數,1,0.00019880715705765408
那可酌,1,0.00019880715705765408
邊角,1,0.00019880715705765408
還黃綴,1,0.00019880715705765408
還足衣,1,0.00019880715705765408
還覺,1,0.00019880715705765408
還疊,1,0.00019880715705765408
還無,1,0.00019880715705765408
還滋愧衷,1,0.00019880715705765408
還有,1,0.00019880715705765408
還常至,1,0.00019880715705765408
還增愧,1,0.00019880715705765408
還具,1,0.00019880715705765408
還以,1,0.00019880715705765408
還不拒,1,0.00019880715705765408
那許,1,0.00019880715705765408
邪,1,0.00019880715705765408
郡,1,0.00019880715705765408
酪漿,1,0.00019880715705765408
重台,1,0.00019880715705765408
里,1,0.00019880715705765408
采葆,1,0.00019880715705765408
采為,1,0.00019880715705765408
醴斯陳席,1,0.00019880715705765408
醴,1,0.00019880715705765408
醪,1,0.00019880715705765408
酌納,1,0.00019880715705765408
部,1,0.00019880715705765408
酈泉,1,0.00019880715705765408
鄭,1,0.00019880715705765408
鄂悉,1,0.00019880715705765408
鄂,1,0.00019880715705765408
都護,1,0.00019880715705765408
郵從,1,0.00019880715705765408
部屬,1,0.00019880715705765408
還,1,0.00019880715705765408
遺蹟,1,0.00019880715705765408
遺棄,1,0.00019880715705765408
通道,1,0.00019880715705765408
進兵,1,0.00019880715705765408
進乎,1,0.00019880715705765408
逮,1,0.00019880715705765408
連蒂瓜,1,0.00019880715705765408
連葉,1,0.00019880715705765408
連,1,0.00019880715705765408
逞,1,0.00019880715705765408
通身,1,0.00019880715705765408
進貢,1,0.00019880715705765408
通貴,1,0.00019880715705765408
通商,1,0.00019880715705765408
這持,1,0.00019880715705765408
送,1,0.00019880715705765408
退避,1,0.00019880715705765408
迺,1,0.00019880715705765408
迷,1,0.00019880715705765408
進表奉,1,0.00019880715705765408
遁,1,0.00019880715705765408
選有,1,0.00019880715705765408
遐顾,1,0.00019880715705765408
遠路,1,0.00019880715705765408
遠足,1,0.00019880715705765408
遠方,1,0.00019880715705765408
遠徕,1,0.00019880715705765408
遞盛,1,0.00019880715705765408
達,1,0.00019880715705765408
遑寧,1,0.00019880715705765408
遐球,1,0.00019880715705765408
遂振旅,1,0.00019880715705765408
過葱嶺,1,0.00019880715705765408
過茂苑,1,0.00019880715705765408
過伽,1,0.00019880715705765408
過乎思,1,0.00019880715705765408
運靈,1,0.00019880715705765408
運指,1,0.00019880715705765408
遇,1,0.00019880715705765408
簡詠,1,0.00019880715705765408
簇鎖瓏玲,1,0.00019880715705765408
承惟檀,1,0.00019880715705765408
根猶帶,1,0.00019880715705765408
槃,1,0.00019880715705765408
概弗,1,0.00019880715705765408
極永好,1,0.00019880715705765408
極斯通,1,0.00019880715705765408
極斯,1,0.00019880715705765408
業乎,1,0.00019880715705765408
楞,1,0.00019880715705765408
楚王,1,0.00019880715705765408
楚人,1,0.00019880715705765408
椎,1,0.00019880715705765408
棐,1,0.00019880715705765408
棄而弗顧,1,0.00019880715705765408
棄其,1,0.00019880715705765408
梵經,1,0.00019880715705765408
梵,1,0.00019880715705765408
梨,1,0.00019880715705765408
梓,1,0.00019880715705765408
構思,1,0.00019880715705765408
樂,1,0.00019880715705765408
標質潤,1,0.00019880715705765408
欣可,1,0.00019880715705765408
此桃耳盂,1,0.00019880715705765408
此屬,1,0.00019880715705765408
此器,1,0.00019880715705765408
此中,1,0.00019880715705765408
正艷秋陽,1,0.00019880715705765408
歎,1,0.00019880715705765408
欽,1,0.00019880715705765408
欠,1,0.00019880715705765408
模柄,1,0.00019880715705765408
檀,1,0.00019880715705765408
橫行,1,0.00019880715705765408
機若,1,0.00019880715705765408
橐,1,0.00019880715705765408
樽,1,0.00019880715705765408
横向,1,0.00019880715705765408
樣呈別,1,0.00019880715705765408
桃子,1,0.00019880715705765408
柯從,1,0.00019880715705765408
有情,1,0.00019880715705765408
柔,1,0.00019880715705765408
本朝,1,0.00019880715705765408
本以紀,1,0.00019880715705765408
本,1,0.00019880715705765408
未聞,1,0.00019880715705765408
未盡,1,0.00019880715705765408
未容知,1,0.00019880715705765408
龍首,1,0.00019880715705765408
未入,1,0.00019880715705765408
未似,1,0.00019880715705765408
朝覲,1,0.00019880715705765408
朝,1,0.00019880715705765408
有餘,1,0.00019880715705765408
有足,1,0.00019880715705765408
有譽,1,0.00019880715705765408
有蒂有,1,0.00019880715705765408
有紛,1,0.00019880715705765408
有玉人,1,0.00019880715705765408
本語,1,0.00019880715705765408
札,1,0.00019880715705765408
朱子,1,0.00019880715705765408
杯盤,1,0.00019880715705765408
果,1,0.00019880715705765408
東陵,1,0.00019880715705765408
東西南北中,1,0.00019880715705765408
東至,1,0.00019880715705765408
東榮,1,0.00019880715705765408
東南西北,1,0.00019880715705765408
東南,1,0.00019880715705765408
杯,1,0.00019880715705765408
朵,1,0.00019880715705765408
杜甫,1,0.00019880715705765408
杜家,1,0.00019880715705765408
杓,1,0.00019880715705765408
材美,1,0.00019880715705765408
材稱,1,0.00019880715705765408
李氏,1,0.00019880715705765408
李家,1,0.00019880715705765408
此欲,1,0.00019880715705765408
此為,1,0.00019880715705765408
此盤,1,0.00019880715705765408
武,1,0.00019880715705765408
洗兵,1,0.00019880715705765408
泰冒泰,1,0.00019880715705765408
泰冒,1,0.00019880715705765408
泯茲,1,0.00019880715705765408
注水,1,0.00019880715705765408
泣匪,1,0.00019880715705765408
泝,1,0.00019880715705765408
法語,1,0.00019880715705765408
泑,1,0.00019880715705765408
況敢,1,0.00019880715705765408
況巧壓,1,0.00019880715705765408
油盤,1,0.00019880715705765408
河濱,1,0.00019880715705765408
沕,1,0.00019880715705765408
沓,1,0.00019880715705765408
沈沙間,1,0.00019880715705765408
沈,1,0.00019880715705765408
洞,1,0.00019880715705765408
津,1,0.00019880715705765408
洲,1,0.00019880715705765408
淪世守,1,0.00019880715705765408
清吟,1,0.00019880715705765408
清供,1,0.00019880715705765408
混成,1,0.00019880715705765408
淵明,1,0.00019880715705765408
深足,1,0.00019880715705765408
深潭,1,0.00019880715705765408
深入,1,0.00019880715705765408
淨娟光,1,0.00019880715705765408
流沙,1,0.00019880715705765408
淡濃,1,0.00019880715705765408
浸疑,1,0.00019880715705765408
浥,1,0.00019880715705765408
流離,1,0.00019880715705765408
流長,1,0.00019880715705765408
流行,1,0.00019880715705765408
流磨,1,0.00019880715705765408
池守,1,0.00019880715705765408
汗,1,0.00019880715705765408
求,1,0.00019880715705765408
殊方,1,0.00019880715705765408
比德,1,0.00019880715705765408
毓秀,1,0.00019880715705765408
毒,1,0.00019880715705765408
每獻琛,1,0.00019880715705765408
每憶,1,0.00019880715705765408
毀,1,0.00019880715705765408
殊方聲,1,0.00019880715705765408
殊史句,1,0.00019880715705765408
比潔巧,1,0.00019880715705765408
殆,1,0.00019880715705765408
歸政,1,0.00019880715705765408
歸,1,0.00019880715705765408
歳,1,0.00019880715705765408
武揚,1,0.00019880715705765408
武公诗,1,0.00019880715705765408
武備,1,0.00019880715705765408
比朗,1,0.00019880715705765408
比潤,1,0.00019880715705765408
永祜,1,0.00019880715705765408
氣浮,1,0.00019880715705765408
永志,1,0.00019880715705765408
水薄,1,0.00019880715705765408
水晶,1,0.00019880715705765408
水方,1,0.00019880715705765408
水斯象,1,0.00019880715705765408
水圓如,1,0.00019880715705765408
水圓切,1,0.00019880715705765408
民,1,0.00019880715705765408
比義思,1,0.00019880715705765408
氐,1,0.00019880715705765408
氏,1,0.00019880715705765408
氆氇,1,0.00019880715705765408
毛髮,1,0.00019880715705765408
毛,1,0.00019880715705765408
比象則,1,0.00019880715705765408
比色,1,0.00019880715705765408
有懷,1,0.00019880715705765408
有形,1,0.00019880715705765408
簇跌,1,0.00019880715705765408
撒納茲,1,0.00019880715705765408
擷花英,1,0.00019880715705765408
擬付,1,0.00019880715705765408
據,1,0.00019880715705765408
擎花,1,0.00019880715705765408
擎漿,1,0.00019880715705765408
擎如,1,0.00019880715705765408
擎,1,0.00019880715705765408
操,1,0.00019880715705765408
擅山輝,1,0.00019880715705765408
擁,1,0.00019880715705765408
撫香琳,1,0.00019880715705765408
撫處,1,0.00019880715705765408
撫無跡,1,0.00019880715705765408
撫摩,1,0.00019880715705765408
撫外,1,0.00019880715705765408
撫之無跡,1,0.00019880715705765408
撫不手,1,0.00019880715705765408
攜帶,1,0.00019880715705765408
攜持,1,0.00019880715705765408
攢,1,0.00019880715705765408
敢萌,1,0.00019880715705765408
敷葉,1,0.00019880715705765408
敷光,1,0.00019880715705765408
敷,1,0.00019880715705765408
敬待,1,0.00019880715705765408
敬奉,1,0.00019880715705765408
敬,1,0.00019880715705765408
敦真,1,0.00019880715705765408
教奚事,1,0.00019880715705765408
攢花視,1,0.00019880715705765408
敖岸陽,1,0.00019880715705765408
故不為,1,0.00019880715705765408
攻自,1,0.00019880715705765408
攻守,1,0.00019880715705765408
改初,1,0.00019880715705765408
攸,1,0.00019880715705765408
攢菊英,1,0.00019880715705765408
撞,1,0.00019880715705765408
撈,1,0.00019880715705765408
有序,1,0.00019880715705765408
摛,1,0.00019880715705765408
挹殊,1,0.00019880715705765408
持盈,1,0.00019880715705765408
拱北,1,0.00019880715705765408
拱,1,0.00019880715705765408
拉奇,1,0.00019880715705765408
拈吟則,1,0.00019880715705765408
抱珥,1,0.00019880715705765408
抨,1,0.00019880715705765408
报兹,1,0.00019880715705765408
折實,1,0.00019880715705765408
折中,1,0.00019880715705765408
投,1,0.00019880715705765408
技傳刻,1,0.00019880715705765408
承足鮮,1,0.00019880715705765408
承碎,1,0.00019880715705765408
承漿,1,0.00019880715705765408
承水,1,0.00019880715705765408
捐,1,0.00019880715705765408
捧,1,0.00019880715705765408
掄,1,0.00019880715705765408
措其手,1,0.00019880715705765408
搴,1,0.00019880715705765408
搜求,1,0.00019880715705765408
揮,1,0.00019880715705765408
握圓,1,0.00019880715705765408
提,1,0.00019880715705765408
掬水,1,0.00019880715705765408
措思何,1,0.00019880715705765408
掩本,1,0.00019880715705765408
掌玉府,1,0.00019880715705765408
掩有,1,0.00019880715705765408
推,1,0.00019880715705765408
接,1,0.00019880715705765408
探,1,0.00019880715705765408
掞,1,0.00019880715705765408
排文,1,0.00019880715705765408
掌非,1,0.00019880715705765408
數典,1,0.00019880715705765408
數出,1,0.00019880715705765408
數年,1,0.00019880715705765408
斁,1,0.00019880715705765408
暈交,1,0.00019880715705765408
晚香,1,0.00019880715705765408
時聞,1,0.00019880715705765408
時宴,1,0.00019880715705765408
時,1,0.00019880715705765408
昻,1,0.00019880715705765408
昭彰,1,0.00019880715705765408
昭,1,0.00019880715705765408
春華秋實,1,0.00019880715705765408
春秋,1,0.00019880715705765408
昔歲,1,0.00019880715705765408
昔成謠,1,0.00019880715705765408
昔,1,0.00019880715705765408
明星,1,0.00019880715705765408
明廷弈,1,0.00019880715705765408
明庭,1,0.00019880715705765408
明域,1,0.00019880715705765408
曇,1,0.00019880715705765408
曝通,1,0.00019880715705765408
曲,1,0.00019880715705765408
書,1,0.00019880715705765408
有常,1,0.00019880715705765408
有佳喻,1,0.00019880715705765408
朅,1,0.00019880715705765408
會遣,1,0.00019880715705765408
會未于,1,0.00019880715705765408
曾握,1,0.00019880715705765408
曹文,1,0.00019880715705765408
曷,1,0.00019880715705765408
曲委,1,0.00019880715705765408
更無拓,1,0.00019880715705765408
更殊,1,0.00019880715705765408
更慶,1,0.00019880715705765408
更以,1,0.00019880715705765408
更介為,1,0.00019880715705765408
更介,1,0.00019880715705765408
曲宴,1,0.00019880715705765408
昌城,1,0.00019880715705765408
昆嶠,1,0.00019880715705765408
昆崙,1,0.00019880715705765408
斡,1,0.00019880715705765408
新瑩,1,0.00019880715705765408
新正,1,0.00019880715705765408
新春,1,0.00019880715705765408
新德,1,0.00019880715705765408
新器,1,0.00019880715705765408
斯盤,1,0.00019880715705765408
斮,1,0.00019880715705765408
斟,1,0.00019880715705765408
方,1,0.00019880715705765408
斝,1,0.00019880715705765408
斗見,1,0.00019880715705765408
斑華,1,0.00019880715705765408
斐,1,0.00019880715705765408
文風,1,0.00019880715705765408
文玩,1,0.00019880715705765408
文房,1,0.00019880715705765408
新疆,1,0.00019880715705765408
方向,1,0.00019880715705765408
昆山,1,0.00019880715705765408
旁出,1,0.00019880715705765408
昆,1,0.00019880715705765408
昂藏,1,0.00019880715705765408
旭映紅,1,0.00019880715705765408
旭,1,0.00019880715705765408
日立,1,0.00019880715705765408
日,1,0.00019880715705765408
旁達孚,1,0.00019880715705765408
施鐫處,1,0.00019880715705765408
方斯不中,1,0.00019880715705765408
施護,1,0.00019880715705765408
施,1,0.00019880715705765408
方諸薦,1,0.00019880715705765408
方諸,1,0.00019880715705765408
方言,1,0.00019880715705765408
方異子,1,0.00019880715705765408
方物,1,0.00019880715705765408
清泉,1,0.00019880715705765408
清高宗,1,0.00019880715705765408
渠胥,1,0.00019880715705765408
白鮮,1,0.00019880715705765408
盡其,1,0.00019880715705765408
盛水盂,1,0.00019880715705765408
盛水受,1,0.00019880715705765408
盌,1,0.00019880715705765408
益知,1,0.00019880715705765408
益安,1,0.00019880715705765408
益壽之,1,0.00019880715705765408
益可為,1,0.00019880715705765408
益切,1,0.00019880715705765408
盈虧,1,0.00019880715705765408
盈周尺,1,0.00019880715705765408
皮寧藉,1,0.00019880715705765408
皮,1,0.00019880715705765408
皇帝,1,0.00019880715705765408
百餘年,1,0.00019880715705765408
百餘人,1,0.00019880715705765408
百里,1,0.00019880715705765408
盡君職,1,0.00019880715705765408
盡言,1,0.00019880715705765408
盤,1,0.00019880715705765408
相屬,1,0.00019880715705765408
眞,1,0.00019880715705765408
眎,1,0.00019880715705765408
眉哩用,1,0.00019880715705765408
省括,1,0.00019880715705765408
省工煩,1,0.00019880715705765408
相金釘,1,0.00019880715705765408
相符合,1,0.00019880715705765408
相如,1,0.00019880715705765408
盤敦,1,0.00019880715705765408
相傳,1,0.00019880715705765408
相似,1,0.00019880715705765408
相互,1,0.00019880715705765408
相,1,0.00019880715705765408
直擬,1,0.00019880715705765408
目原,1,0.00019880715705765408
盤符,1,0.00019880715705765408
百幅,1,0.00019880715705765408
白非,1,0.00019880715705765408
温其德美,1,0.00019880715705765408
白茄,1,0.00019880715705765408
異域,1,0.00019880715705765408
異,1,0.00019880715705765408
畫瓜圖,1,0.00019880715705765408
畢,1,0.00019880715705765408
留融,1,0.00019880715705765408
留斯白,1,0.00019880715705765408
界內,1,0.00019880715705765408
甲子,1,0.00019880715705765408
甲,1,0.00019880715705765408
由神運,1,0.00019880715705765408
由拔,1,0.00019880715705765408
由典,1,0.00019880715705765408
用率,1,0.00019880715705765408
用志,1,0.00019880715705765408
用征,1,0.00019880715705765408
產自,1,0.00019880715705765408
產美瑜,1,0.00019880715705765408
異常,1,0.00019880715705765408
異教,1,0.00019880715705765408
異漢,1,0.00019880715705765408
疑,1,0.00019880715705765408
白毛,1,0.00019880715705765408
發春,1,0.00019880715705765408
發抱,1,0.00019880715705765408
發,1,0.00019880715705765408
癸丑,1,0.00019880715705765408
痕都識,1,0.00019880715705765408
疑亦即,1,0.00019880715705765408
疏勒,1,0.00019880715705765408
異致,1,0.00019880715705765408
疊韻,1,0.00019880715705765408
疊葉薄,1,0.00019880715705765408
疊,1,0.00019880715705765408
當興,1,0.00019880715705765408
當致愧,1,0.00019880715705765408
當生,1,0.00019880715705765408
當,1,0.00019880715705765408
真臘,1,0.00019880715705765408
真裁玉,1,0.00019880715705765408
知古,1,0.00019880715705765408
知士,1,0.00019880715705765408
立乎,1,0.00019880715705765408
竊取,1,0.00019880715705765408
窻,1,0.00019880715705765408
窴,1,0.00019880715705765408
窮黷之,1,0.00019880715705765408
窮,1,0.00019880715705765408
穿,1,0.00019880715705765408
穹盧,1,0.00019880715705765408
穹廬,1,0.00019880715705765408
穩承足,1,0.00019880715705765408
穆自,1,0.00019880715705765408
穆而古,1,0.00019880715705765408
穆穆,1,0.00019880715705765408
穆然,1,0.00019880715705765408
穆有,1,0.00019880715705765408
稷,1,0.00019880715705765408
稱身,1,0.00019880715705765408
竒,1,0.00019880715705765408
童子,1,0.00019880715705765408
端,1,0.00019880715705765408
筵,1,0.00019880715705765408
簇葉,1,0.00019880715705765408
簇英,1,0.00019880715705765408
簇花,1,0.00019880715705765408
簇精,1,0.00019880715705765408
篇,1,0.00019880715705765408
節度,1,0.00019880715705765408
筵伴,1,0.00019880715705765408
筠浮暈,1,0.00019880715705765408
端知,1,0.00019880715705765408
筠,1,0.00019880715705765408
筆削,1,0.00019880715705765408
筆,1,0.00019880715705765408
第四,1,0.00019880715705765408
第十一,1,0.00019880715705765408
笑納,1,0.00019880715705765408
端詳,1,0.00019880715705765408
稱神,1,0.00019880715705765408
稱珏,1,0.00019880715705765408
稱件,1,0.00019880715705765408
磕破,1,0.00019880715705765408
磨礱泯,1,0.00019880715705765408
磨砂,1,0.00019880715705765408
磨玉薄,1,0.00019880715705765408
磨水治,1,0.00019880715705765408
磨水,1,0.00019880715705765408
磨成,1,0.00019880715705765408
磨含,1,0.00019880715705765408
磕損,1,0.00019880715705765408
礲,1,0.00019880715705765408
碾出,1,0.00019880715705765408
碩拉汗,1,0.00019880715705765408
砑,1,0.00019880715705765408
砂,1,0.00019880715705765408
矯,1,0.00019880715705765408
短葉,1,0.00019880715705765408
知痕,1,0.00019880715705765408
磨細,1,0.00019880715705765408
示予,1,0.00019880715705765408
種疑,1,0.00019880715705765408
禮設,1,0.00019880715705765408
稍外,1,0.00019880715705765408
稀世,1,0.00019880715705765408
秋登,1,0.00019880715705765408
秋玉題,1,0.00019880715705765408
秋海棠,1,0.00019880715705765408
秋毫,1,0.00019880715705765408
秀,1,0.00019880715705765408
福謙保,1,0.00019880715705765408
祗,1,0.00019880715705765408
禁城,1,0.00019880715705765408
祥花載,1,0.00019880715705765408
祥花團,1,0.00019880715705765408
祥花,1,0.00019880715705765408
祥徵,1,0.00019880715705765408
神工,1,0.00019880715705765408
祛惡古,1,0.00019880715705765408
產瓊琪,1,0.00019880715705765408
產玉,1,0.00019880715705765408
產寶夥,1,0.00019880715705765408
玉不自言,1,0.00019880715705765408
熏,1,0.00019880715705765408
煮,1,0.00019880715705765408
然現,1,0.00019880715705765408
然今,1,0.00019880715705765408
無遠邇,1,0.00019880715705765408
無迹,1,0.00019880715705765408
無萬,1,0.00019880715705765408
無能,1,0.00019880715705765408
無翼斯飛,1,0.00019880715705765408
無纖,1,0.00019880715705765408
無端,1,0.00019880715705765408
無痕跡,1,0.00019880715705765408
無法,1,0.00019880715705765408
無枝,1,0.00019880715705765408
無情,1,0.00019880715705765408
無可,1,0.00019880715705765408
焕雲腴,1,0.00019880715705765408
熏池,1,0.00019880715705765408
燦且,1,0.00019880715705765408
燦玉英,1,0.00019880715705765408
猶日,1,0.00019880715705765408
獸狀,1,0.00019880715705765408
獸,1,0.00019880715705765408
獲得,1,0.00019880715705765408
獨稱,1,0.00019880715705765408
猶覺,1,0.00019880715705765408
猶稱,1,0.00019880715705765408
猶當勝,1,0.00019880715705765408
猶,1,0.00019880715705765408
爓,1,0.00019880715705765408
猭,1,0.00019880715705765408
特艷,1,0.00019880715705765408
特,1,0.00019880715705765408
物必,1,0.00019880715705765408
牛乳,1,0.00019880715705765408
爾韻,1,0.00019880715705765408
爛然,1,0.00019880715705765408
焉終,1,0.00019880715705765408
烹茶,1,0.00019880715705765408
烏翼,1,0.00019880715705765408
湘,1,0.00019880715705765408
溫潤,1,0.00019880715705765408
準夷,1,0.00019880715705765408
準噶爾,1,0.00019880715705765408
源流,1,0.00019880715705765408
湯銘思,1,0.00019880715705765408
湩,1,0.00019880715705765408
湧作,1,0.00019880715705765408
湊,1,0.00019880715705765408
滋,1,0.00019880715705765408
渾然,1,0.00019880715705765408
渾無迹,1,0.00019880715705765408
渾無,1,0.00019880715705765408
渾渾,1,0.00019880715705765408
渾成腴,1,0.00019880715705765408
游噓,1,0.00019880715705765408
温容,1,0.00019880715705765408
溯源,1,0.00019880715705765408
漢史,1,0.00019880715705765408
烏特噶里,1,0.00019880715705765408
澣,1,0.00019880715705765408
為色,1,0.00019880715705765408
為珍,1,0.00019880715705765408
為洪,1,0.00019880715705765408
為君,1,0.00019880715705765408
炎漢,1,0.00019880715705765408
瀸,1,0.00019880715705765408
濃以,1,0.00019880715705765408
潤研,1,0.00019880715705765408
漢名,1,0.00019880715705765408
潤,1,0.00019880715705765408
潜光煥,1,0.00019880715705765408
潘,1,0.00019880715705765408
漸微,1,0.00019880715705765408
漫論,1,0.00019880715705765408
漫致,1,0.00019880715705765408
漢書,1,0.00019880715705765408
獻善,1,0.00019880715705765408
玉人,1,0.00019880715705765408
產,1,0.00019880715705765408
玉人巧,1,0.00019880715705765408
環之,1,0.00019880715705765408
璫,1,0.00019880715705765408
璣,1,0.00019880715705765408
璊,1,0.00019880715705765408
瑶,1,0.00019880715705765408
瑰,1,0.00019880715705765408
瑩薄,1,0.00019880715705765408
瑩淨,1,0.00019880715705765408
瑩比,1,0.00019880715705765408
瑤蕊,1,0.00019880715705765408
瑤琳,1,0.00019880715705765408
瑤池,1,0.00019880715705765408
瑣林,1,0.00019880715705765408
瑜,1,0.00019880715705765408
瑛,1,0.00019880715705765408
琼,1,0.00019880715705765408
琳瑯,1,0.00019880715705765408
環垂,1,0.00019880715705765408
環抱,1,0.00019880715705765408
璽,1,0.00019880715705765408
瓣疑,1,0.00019880715705765408
生茲,1,0.00019880715705765408
生花,1,0.00019880715705765408
生穆瀣,1,0.00019880715705765408
生水,1,0.00019880715705765408
生息,1,0.00019880715705765408
瓶,1,0.00019880715705765408
瓤訝,1,0.00019880715705765408
瓠,1,0.00019880715705765408
璿,1,0.00019880715705765408
瓞,1,0.00019880715705765408
瓜樣,1,0.00019880715705765408
瓚,1,0.00019880715705765408
瓊花,1,0.00019880715705765408
瓊瑤,1,0.00019880715705765408
瓊枝,1,0.00019880715705765408
瓊,1,0.00019880715705765408
琬琰,1,0.00019880715705765408
琢自痕,1,0.00019880715705765408
琢美球,1,0.00019880715705765408
玉碗擬,1,0.00019880715705765408
王際華,1,0.00019880715705765408
王母,1,0.00019880715705765408
王明,1,0.00019880715705765408
王師,1,0.00019880715705765408
王孫,1,0.00019880715705765408
王,1,0.00019880715705765408
玉週,1,0.00019880715705765408
玉石,1,0.00019880715705765408
玲瓏,1,0.00019880715705765408
玉瓢,1,0.00019880715705765408
玉杯,1,0.00019880715705765408
玉律代,1,0.00019880715705765408
玉器,1,0.00019880715705765408
玉出,1,0.00019880715705765408
玉入,1,0.00019880715705765408
玉何,1,0.00019880715705765408
玩,1,0.00019880715705765408
玷,1,0.00019880715705765408
琢繼,1,0.00019880715705765408
理寓器,1,0.00019880715705765408
琢縈五字,1,0.00019880715705765408
琢時,1,0.00019880715705765408
琢將,1,0.00019880715705765408
琢喀,1,0.00019880715705765408
琢乏工,1,0.00019880715705765408
琛,1,0.00019880715705765408
琚,1,0.00019880715705765408
理,1,0.00019880715705765408
珂,1,0.00019880715705765408
球,1,0.00019880715705765408
現身說法,1,0.00019880715705765408
珵,1,0.00019880715705765408
珍玩,1,0.00019880715705765408
珍斯愧,1,0.00019880715705765408
珍含,1,0.00019880715705765408
珍什襲,1,0.00019880715705765408
未加,1,0.00019880715705765408
